:START_ID(Comment)|:END_ID(Person)|:TYPE
206158430246|4398046511146|hasCreator
206158430247|153|hasCreator
206158430248|4398046511146|hasCreator
206158430249|2199023255689|hasCreator
206158430250|4398046511146|hasCreator
206158430251|153|hasCreator
206158430252|4398046511146|hasCreator
206158430253|153|hasCreator
206158430254|4398046511146|hasCreator
206158430255|73|hasCreator
206158430256|73|hasCreator
206158430257|2199023255689|hasCreator
206158430258|2199023255689|hasCreator
206158430259|73|hasCreator
206158430260|73|hasCreator
206158430261|2199023255689|hasCreator
206158430262|4398046511146|hasCreator
206158430263|153|hasCreator
206158430264|73|hasCreator
206158430461|2199023255787|hasCreator
206158430462|2199023255693|hasCreator
206158430463|2199023255629|hasCreator
206158430464|2199023255629|hasCreator
206158430465|6597069766701|hasCreator
206158430466|6597069766701|hasCreator
206158430467|2199023255693|hasCreator
137438953980|4398046511225|hasCreator
137438953981|2199023255612|hasCreator
137438953982|2199023255612|hasCreator
137438953983|4398046511351|hasCreator
137438953984|2199023255612|hasCreator
137438953985|2199023255612|hasCreator
137438953986|238|hasCreator
137438953987|2199023255612|hasCreator
274877907622|6597069766708|hasCreator
274877907623|4398046511316|hasCreator
274877907624|4398046511316|hasCreator
274877907625|4398046511316|hasCreator
274877907626|4398046511225|hasCreator
274877907627|4398046511333|hasCreator
274877907628|6597069766708|hasCreator
274877907629|4398046511225|hasCreator
274877907630|4398046511225|hasCreator
274877907631|4398046511333|hasCreator
274877907632|4398046511225|hasCreator
274877907633|4398046511333|hasCreator
343597384588|2199023255746|hasCreator
343597384589|6597069766794|hasCreator
343597384590|8796093022404|hasCreator
343597384591|102|hasCreator
343597384592|6597069766794|hasCreator
343597384593|8796093022404|hasCreator
343597384594|6597069766660|hasCreator
343597384595|2199023255746|hasCreator
343597384596|6597069766769|hasCreator
343597384597|2199023255746|hasCreator
343597384598|6597069766769|hasCreator
343597384599|8796093022404|hasCreator
343597384600|2199023255746|hasCreator
343597384601|102|hasCreator
343597384602|6597069766794|hasCreator
343597384603|6597069766769|hasCreator
343597384604|143|hasCreator
343597384606|6597069766794|hasCreator
343597384607|8796093022357|hasCreator
343597384608|6597069766794|hasCreator
274877908004|2199023255779|hasCreator
274877908005|102|hasCreator
274877908006|8796093022363|hasCreator
274877908007|6597069766861|hasCreator
274877908008|8796093022363|hasCreator
274877908009|150|hasCreator
274877908010|6597069766672|hasCreator
274877908011|150|hasCreator
274877908012|102|hasCreator
274877908013|2199023255713|hasCreator
274877908014|2199023255779|hasCreator
343597384752|4398046511292|hasCreator
343597384753|4398046511268|hasCreator
343597384754|8796093022404|hasCreator
343597384755|238|hasCreator
343597384756|136|hasCreator
343597384757|2199023255629|hasCreator
343597384758|4398046511292|hasCreator
343597384759|8796093022239|hasCreator
343597384760|2199023255629|hasCreator
343597384761|41|hasCreator
343597384762|4398046511292|hasCreator
343597384763|136|hasCreator
343597384764|8796093022404|hasCreator
343597384765|136|hasCreator
343597384766|238|hasCreator
343597384767|41|hasCreator
343597384768|4398046511292|hasCreator
343597384769|2199023255629|hasCreator
343597384770|238|hasCreator
68719478301|143|hasCreator
68719478302|143|hasCreator
68719478303|143|hasCreator
68719478304|143|hasCreator
68719478305|143|hasCreator
68719478306|143|hasCreator
68719478400|143|hasCreator
68719478401|228|hasCreator
68719478402|228|hasCreator
68719478403|228|hasCreator
68719478404|2199023255746|hasCreator
68719478405|143|hasCreator
68719478406|228|hasCreator
68719478407|228|hasCreator
68719478408|228|hasCreator
68719478409|2199023255746|hasCreator
68719478410|143|hasCreator
68719478411|2199023255746|hasCreator
68719478413|143|hasCreator
68719478414|143|hasCreator
68719478415|143|hasCreator
68719478416|143|hasCreator
68719478417|143|hasCreator
68719478418|143|hasCreator
68719478419|143|hasCreator
206158431893|228|hasCreator
206158431894|4398046511316|hasCreator
206158431895|4398046511146|hasCreator
206158431896|143|hasCreator
206158431897|2199023255746|hasCreator
206158431898|2199023255753|hasCreator
206158431899|4398046511105|hasCreator
206158431900|2199023255767|hasCreator
206158431901|4398046511268|hasCreator
206158431902|2199023255746|hasCreator
206158431903|2199023255767|hasCreator
206158431904|228|hasCreator
206158431905|228|hasCreator
206158431906|4398046511321|hasCreator
206158431907|4398046511268|hasCreator
206158431908|4398046511316|hasCreator
206158431909|2199023255746|hasCreator
68719478439|143|hasCreator
68719478440|2199023255753|hasCreator
68719478442|228|hasCreator
68719478443|2199023255746|hasCreator
68719478444|2199023255753|hasCreator
68719478445|228|hasCreator
68719478446|2199023255767|hasCreator
68719478447|143|hasCreator
68719478448|2199023255746|hasCreator
68719478449|2199023255746|hasCreator
68719478450|2199023255767|hasCreator
68719478451|2199023255753|hasCreator
68719478452|143|hasCreator
68719478454|228|hasCreator
68719478455|76|hasCreator
68719478456|228|hasCreator
68719478457|228|hasCreator
68719478458|228|hasCreator
68719478459|228|hasCreator
68719478460|76|hasCreator
68719478461|228|hasCreator
68719478462|76|hasCreator
68719478463|76|hasCreator
68719478464|76|hasCreator
68719478465|228|hasCreator
68719478466|228|hasCreator
68719478467|76|hasCreator
68719478468|76|hasCreator
68719478837|2199023255615|hasCreator
68719478838|2199023255615|hasCreator
68719478839|2199023255615|hasCreator
68719478840|2199023255615|hasCreator
68719478841|143|hasCreator
68719478842|2199023255615|hasCreator
68719478843|143|hasCreator
68719478844|143|hasCreator
68719478845|2199023255615|hasCreator
68719478846|143|hasCreator
68719478847|2199023255615|hasCreator
68719478848|143|hasCreator
68719478849|2199023255615|hasCreator
68719478850|2199023255615|hasCreator
68719478906|143|hasCreator
68719478907|143|hasCreator
68719478908|143|hasCreator
68719478909|41|hasCreator
68719478910|41|hasCreator
68719478911|2199023255633|hasCreator
68719478912|143|hasCreator
68719478913|2199023255633|hasCreator
274877909123|2199023255730|hasCreator
274877909124|2199023255616|hasCreator
274877909125|2199023255730|hasCreator
274877909126|4398046511239|hasCreator
274877909127|150|hasCreator
274877909128|4398046511351|hasCreator
274877909129|4398046511106|hasCreator
274877909130|94|hasCreator
274877909131|6597069766759|hasCreator
274877909132|6597069766775|hasCreator
274877909133|2199023255713|hasCreator
274877909134|4398046511333|hasCreator
274877909135|94|hasCreator
274877909136|2199023255616|hasCreator
274877909137|6597069766775|hasCreator
274877909139|8796093022326|hasCreator
274877909140|4398046511106|hasCreator
274877909141|4398046511113|hasCreator
274877909142|8796093022326|hasCreator
274877909143|4398046511106|hasCreator
274877909144|2199023255713|hasCreator
274877909145|143|hasCreator
274877909146|41|hasCreator
343597385884|6597069766775|hasCreator
343597385885|2199023255712|hasCreator
343597385886|6597069766656|hasCreator
343597385887|2199023255730|hasCreator
343597385888|6597069766896|hasCreator
343597385889|143|hasCreator
343597385890|2199023255730|hasCreator
343597385891|6597069766775|hasCreator
274877909158|6597069766656|hasCreator
274877909159|136|hasCreator
274877909160|4398046511297|hasCreator
274877909161|143|hasCreator
274877909162|41|hasCreator
274877909163|6597069766759|hasCreator
274877909164|73|hasCreator
274877909165|8796093022276|hasCreator
274877909166|2199023255713|hasCreator
274877909167|2199023255712|hasCreator
274877909168|136|hasCreator
274877909169|8796093022276|hasCreator
274877909170|4398046511333|hasCreator
274877909172|6597069766775|hasCreator
274877909173|4398046511327|hasCreator
274877909174|4398046511106|hasCreator
274877909175|2199023255712|hasCreator
274877909176|150|hasCreator
274877909177|2199023255712|hasCreator
274877909178|4398046511106|hasCreator
274877909179|2199023255730|hasCreator
274877909180|6597069766759|hasCreator
274877909181|6597069766775|hasCreator
274877909182|2199023255713|hasCreator
274877909183|41|hasCreator
274877909184|4398046511113|hasCreator
274877909185|73|hasCreator
274877909186|4398046511220|hasCreator
274877909187|4398046511333|hasCreator
274877909189|4398046511333|hasCreator
274877909190|4398046511327|hasCreator
274877909191|6597069766775|hasCreator
274877909192|6597069766753|hasCreator
274877909193|6597069766887|hasCreator
274877909194|2199023255713|hasCreator
274877909195|73|hasCreator
274877909196|4398046511351|hasCreator
274877909198|4398046511351|hasCreator
274877909199|4398046511333|hasCreator
274877909200|41|hasCreator
274877909201|4398046511220|hasCreator
274877909202|4398046511106|hasCreator
274877909203|2199023255633|hasCreator
274877909205|6597069766887|hasCreator
274877909206|136|hasCreator
206158432666|6597069766746|hasCreator
206158432667|111|hasCreator
206158432668|2199023255767|hasCreator
206158432669|2199023255767|hasCreator
206158432670|111|hasCreator
206158432671|2199023255767|hasCreator
206158432672|111|hasCreator
206158432673|4398046511327|hasCreator
206158432674|6597069766746|hasCreator
274877909515|6597069766899|hasCreator
274877909516|143|hasCreator
206158432783|4398046511105|hasCreator
206158432784|2199023255615|hasCreator
206158432785|208|hasCreator
206158432786|6597069766672|hasCreator
206158432787|4398046511225|hasCreator
206158432788|4398046511231|hasCreator
206158432789|2199023255615|hasCreator
206158432790|208|hasCreator
206158432791|4398046511105|hasCreator
206158432792|153|hasCreator
206158432793|6597069766769|hasCreator
206158432794|153|hasCreator
206158432795|2199023255633|hasCreator
206158432796|2199023255615|hasCreator
206158432797|76|hasCreator
206158432798|4398046511205|hasCreator
206158432799|6597069766812|hasCreator
206158432800|2199023255674|hasCreator
206158432801|94|hasCreator
206158432802|2199023255711|hasCreator
274877909540|8796093022375|hasCreator
274877909541|41|hasCreator
274877909542|96|hasCreator
274877909543|4398046511327|hasCreator
274877909544|8796093022375|hasCreator
274877909545|6597069766722|hasCreator
274877909546|41|hasCreator
274877909547|41|hasCreator
274877909548|2199023255629|hasCreator
274877909549|8796093022375|hasCreator
274877909550|6597069766722|hasCreator
274877909551|4398046511239|hasCreator
274877909552|4398046511327|hasCreator
274877909553|2199023255629|hasCreator
274877909554|41|hasCreator
343597386292|136|hasCreator
343597386293|8796093022239|hasCreator
343597386294|6597069766660|hasCreator
343597386295|6597069766775|hasCreator
343597386296|6597069766775|hasCreator
343597386297|4398046511192|hasCreator
206158432837|4398046511351|hasCreator
206158432838|238|hasCreator
206158432839|4398046511231|hasCreator
206158432840|4398046511124|hasCreator
206158432841|4398046511321|hasCreator
206158432842|136|hasCreator
206158432843|59|hasCreator
206158432844|136|hasCreator
206158432845|2199023255621|hasCreator
206158432846|136|hasCreator
206158432847|108|hasCreator
206158432848|2199023255621|hasCreator
206158432849|2199023255756|hasCreator
274877909587|6597069766753|hasCreator
274877909588|4398046511321|hasCreator
274877909589|2199023255756|hasCreator
274877909590|4398046511124|hasCreator
274877909591|8796093022363|hasCreator
274877909592|8796093022390|hasCreator
274877909593|94|hasCreator
274877909594|8796093022363|hasCreator
274877909595|6597069766660|hasCreator
274877909596|4398046511112|hasCreator
274877909597|2199023255756|hasCreator
274877909598|6597069766747|hasCreator
274877909599|2199023255634|hasCreator
274877909600|2199023255693|hasCreator
274877909601|108|hasCreator
68719479395|76|hasCreator
68719479396|76|hasCreator
68719479397|238|hasCreator
68719479398|94|hasCreator
68719479399|238|hasCreator
68719479400|2199023255693|hasCreator
68719479401|2199023255621|hasCreator
68719479402|41|hasCreator
68719479403|2199023255717|hasCreator
68719479404|2199023255621|hasCreator
68719479405|2199023255693|hasCreator
68719479406|238|hasCreator
68719479407|76|hasCreator
68719479408|94|hasCreator
68719479409|143|hasCreator
206158432883|136|hasCreator
206158432884|2199023255634|hasCreator
206158432885|4398046511351|hasCreator
206158432886|4398046511112|hasCreator
206158432887|4398046511133|hasCreator
206158432888|4398046511231|hasCreator
206158432889|136|hasCreator
206158432890|4398046511112|hasCreator
343597386554|6597069766831|hasCreator
343597386555|2199023255713|hasCreator
343597386556|4398046511147|hasCreator
343597386557|4398046511249|hasCreator
343597386558|6597069766722|hasCreator
343597386559|6597069766722|hasCreator
343597386560|6597069766722|hasCreator
343597386561|4398046511327|hasCreator
343597386562|2199023255699|hasCreator
343597386563|94|hasCreator
343597386564|4398046511327|hasCreator
343597386565|4398046511249|hasCreator
343597386566|4398046511327|hasCreator
343597386567|6597069766747|hasCreator
343597386569|94|hasCreator
343597386570|6597069766722|hasCreator
343597386571|2199023255742|hasCreator
343597386572|4398046511325|hasCreator
343597386573|2199023255699|hasCreator
274877909839|6597069766747|hasCreator
274877909840|4398046511249|hasCreator
274877909841|6597069766831|hasCreator
274877909842|6597069766747|hasCreator
274877909843|2199023255699|hasCreator
274877909844|2199023255713|hasCreator
274877909845|4398046511327|hasCreator
274877909846|4398046511249|hasCreator
274877909847|4398046511327|hasCreator
274877909848|4398046511249|hasCreator
274877909849|4398046511327|hasCreator
274877909850|4398046511147|hasCreator
274877909851|6597069766747|hasCreator
274877909852|2199023255742|hasCreator
274877909853|4398046511133|hasCreator
274877909854|6597069766831|hasCreator
274877909855|2199023255742|hasCreator
274877909856|4398046511249|hasCreator
274877909858|94|hasCreator
274877909859|4398046511220|hasCreator
274877909920|143|hasCreator
274877909921|4398046511325|hasCreator
274877909922|4398046511333|hasCreator
274877909923|6597069766746|hasCreator
274877909925|76|hasCreator
274877909926|6597069766746|hasCreator
274877909927|4398046511333|hasCreator
274877909928|2199023255712|hasCreator
274877909929|143|hasCreator
206158433195|4398046511297|hasCreator
206158433196|2199023255742|hasCreator
206158433197|4398046511297|hasCreator
206158433198|4398046511239|hasCreator
206158433199|4398046511297|hasCreator
206158433200|4398046511327|hasCreator
206158433201|4398046511327|hasCreator
206158433202|4398046511333|hasCreator
206158433203|4398046511327|hasCreator
206158433204|4398046511333|hasCreator
206158433205|4398046511239|hasCreator
206158433206|4398046511297|hasCreator
274877909944|4398046511297|hasCreator
274877909945|4398046511327|hasCreator
274877909946|4398046511147|hasCreator
274877909947|8796093022248|hasCreator
274877909948|2199023255742|hasCreator
274877909949|4398046511333|hasCreator
274877909950|4398046511297|hasCreator
274877909951|8796093022248|hasCreator
274877909952|4398046511147|hasCreator
206158433353|2199023255717|hasCreator
206158433354|4398046511333|hasCreator
206158433355|4398046511333|hasCreator
206158433356|4398046511333|hasCreator
206158433358|4398046511333|hasCreator
206158433359|4398046511151|hasCreator
206158433360|4398046511333|hasCreator
206158433361|2199023255717|hasCreator
206158433362|4398046511333|hasCreator
206158433363|4398046511333|hasCreator
206158433364|2199023255634|hasCreator
206158433365|2199023255634|hasCreator
206158433366|4398046511147|hasCreator
206158433367|2199023255634|hasCreator
206158433368|4398046511151|hasCreator
206158433369|4398046511333|hasCreator
343597386843|6597069766746|hasCreator
274877910109|4398046511333|hasCreator
274877910110|2199023255634|hasCreator
274877910112|6597069766746|hasCreator
274877910113|2199023255717|hasCreator
274877910114|2199023255699|hasCreator
274877910115|6597069766753|hasCreator
274877910117|4398046511147|hasCreator
274877910118|4398046511333|hasCreator
274877910119|6597069766759|hasCreator
274877910120|6597069766707|hasCreator
274877910121|2199023255742|hasCreator
274877910122|6597069766753|hasCreator
274877910123|6597069766746|hasCreator
274877910124|4398046511327|hasCreator
274877910125|6597069766692|hasCreator
274877910126|6597069766756|hasCreator
274877910127|4398046511327|hasCreator
274877910128|2199023255742|hasCreator
274877910129|6597069766707|hasCreator
274877910130|4398046511151|hasCreator
274877910131|4398046511151|hasCreator
274877910133|6597069766896|hasCreator
274877910134|4398046511333|hasCreator
274877910135|6597069766756|hasCreator
274877910136|41|hasCreator
274877910137|2199023255717|hasCreator
274877910138|143|hasCreator
274877910139|8796093022390|hasCreator
274877910141|4398046511151|hasCreator
274877910142|2199023255742|hasCreator
274877910143|6597069766753|hasCreator
274877910144|6597069766753|hasCreator
274877910145|6597069766692|hasCreator
274877910146|6597069766861|hasCreator
274877910147|6597069766753|hasCreator
274877910148|4398046511333|hasCreator
274877910149|2199023255742|hasCreator
274877910150|6597069766759|hasCreator
274877910151|4398046511327|hasCreator
274877910152|6597069766746|hasCreator
274877910153|6597069766707|hasCreator
274877910155|6597069766692|hasCreator
343597387172|6597069766794|hasCreator
343597387173|6597069766763|hasCreator
343597387174|218|hasCreator
206158433704|218|hasCreator
206158433705|218|hasCreator
206158433706|2199023255669|hasCreator
206158433707|2199023255565|hasCreator
206158433708|2199023255669|hasCreator
206158433709|2199023255565|hasCreator
206158433710|150|hasCreator
206158433711|2199023255693|hasCreator
206158433712|150|hasCreator
206158433713|2199023255711|hasCreator
206158433714|4398046511224|hasCreator
206158433715|143|hasCreator
206158433716|228|hasCreator
206158433717|2199023255699|hasCreator
206158433719|4398046511351|hasCreator
206158433720|150|hasCreator
274877910459|150|hasCreator
274877910460|2199023255711|hasCreator
206158433726|228|hasCreator
206158433727|143|hasCreator
206158433728|102|hasCreator
206158433729|150|hasCreator
206158433730|4398046511224|hasCreator
206158433731|2199023255669|hasCreator
206158433732|2199023255746|hasCreator
206158433733|4398046511316|hasCreator
206158433734|2199023255565|hasCreator
206158433735|2199023255693|hasCreator
206158433736|2199023255693|hasCreator
206158433737|2199023255580|hasCreator
206158433738|2199023255580|hasCreator
206158433739|246|hasCreator
274877910477|218|hasCreator
274877910478|4398046511351|hasCreator
274877910479|6597069766660|hasCreator
274877910480|2199023255565|hasCreator
274877910481|102|hasCreator
206158433747|2199023255746|hasCreator
206158433748|2199023255711|hasCreator
206158433749|4398046511351|hasCreator
206158433750|228|hasCreator
206158433751|228|hasCreator
206158433752|4398046511351|hasCreator
206158433753|150|hasCreator
206158433754|2199023255711|hasCreator
206158433755|150|hasCreator
206158433756|228|hasCreator
206158433757|2199023255746|hasCreator
206158433758|228|hasCreator
206158433759|150|hasCreator
206158433760|4398046511351|hasCreator
206158433761|150|hasCreator
206158433762|2199023255693|hasCreator
206158433763|2199023255711|hasCreator
206158433764|228|hasCreator
206158433765|150|hasCreator
206158433766|2199023255746|hasCreator
206158433768|4398046511351|hasCreator
206158433769|2199023255746|hasCreator
206158433770|2199023255669|hasCreator
206158433771|2199023255693|hasCreator
206158433772|2199023255746|hasCreator
206158433774|228|hasCreator
137438957039|2199023255746|hasCreator
206158433776|228|hasCreator
274877910541|4398046511113|hasCreator
274877910542|4398046511232|hasCreator
274877910543|4398046511113|hasCreator
274877910544|4398046511146|hasCreator
274877910546|4398046511113|hasCreator
274877910547|4398046511232|hasCreator
274877910549|4398046511327|hasCreator
274877910550|2199023255779|hasCreator
274877910551|2199023255779|hasCreator
274877910552|4398046511327|hasCreator
274877910553|2199023255779|hasCreator
274877910554|2199023255779|hasCreator
274877910555|2199023255779|hasCreator
343597387659|4398046511113|hasCreator
343597387660|153|hasCreator
343597387661|2199023255712|hasCreator
343597387662|8796093022363|hasCreator
343597387663|2199023255767|hasCreator
343597387664|246|hasCreator
343597387665|6597069766707|hasCreator
343597387666|4398046511124|hasCreator
343597387667|4398046511268|hasCreator
343597387668|2199023255574|hasCreator
343597387669|94|hasCreator
343597387670|2199023255712|hasCreator
343597387671|4398046511124|hasCreator
274877910938|4398046511113|hasCreator
274877910939|246|hasCreator
274877910940|4398046511113|hasCreator
274877910941|4398046511113|hasCreator
274877910942|2199023255712|hasCreator
274877910943|2199023255767|hasCreator
274877910944|153|hasCreator
274877910945|6597069766707|hasCreator
274877910946|4398046511183|hasCreator
343597387794|136|hasCreator
343597387795|4398046511162|hasCreator
343597387796|6597069766692|hasCreator
343597387797|136|hasCreator
343597387798|2199023255629|hasCreator
343597387799|2199023255674|hasCreator
343597387800|2199023255693|hasCreator
343597387801|2199023255629|hasCreator
343597387802|4398046511292|hasCreator
343597387803|4398046511292|hasCreator
343597387804|6597069766692|hasCreator
343597387805|8796093022390|hasCreator
343597387806|4398046511162|hasCreator
343597387807|4398046511292|hasCreator
343597387808|2199023255629|hasCreator
343597387809|6597069766692|hasCreator
343597387810|4398046511162|hasCreator
343597387811|2199023255629|hasCreator
274877911077|8796093022390|hasCreator
206158434343|2199023255693|hasCreator
274877911196|4398046511333|hasCreator
274877911197|4398046511124|hasCreator
274877911198|4398046511225|hasCreator
274877911199|4398046511333|hasCreator
274877911200|4398046511225|hasCreator
274877911201|4398046511333|hasCreator
274877911202|4398046511124|hasCreator
274877911203|4398046511225|hasCreator
274877911204|6597069766660|hasCreator
274877911205|6597069766660|hasCreator
274877911206|4398046511333|hasCreator
274877911207|4398046511333|hasCreator
274877911665|8796093022252|hasCreator
274877911666|2199023255782|hasCreator
274877911667|6597069766835|hasCreator
274877911668|6597069766722|hasCreator
274877911669|6597069766819|hasCreator
274877911670|8796093022252|hasCreator
274877911671|6597069766812|hasCreator
274877911672|2199023255782|hasCreator
274877911673|6597069766769|hasCreator
274877911674|4398046511268|hasCreator
274877911675|4398046511232|hasCreator
274877911676|238|hasCreator
274877911677|6597069766722|hasCreator
274877911678|136|hasCreator
274877911679|6597069766674|hasCreator
274877911680|6597069766674|hasCreator
274877911681|4398046511327|hasCreator
274877911682|6597069766769|hasCreator
274877911683|4398046511297|hasCreator
274877911684|136|hasCreator
343597388711|143|hasCreator
343597388712|6597069766779|hasCreator
343597388713|143|hasCreator
343597388714|8796093022222|hasCreator
343597388715|143|hasCreator
343597388716|143|hasCreator
343597388717|143|hasCreator
343597388718|2199023255574|hasCreator
343597388719|4398046511224|hasCreator
343597388720|238|hasCreator
343597388721|4398046511231|hasCreator
343597388722|238|hasCreator
274877911988|8796093022390|hasCreator
274877911989|6597069766660|hasCreator
274877911990|4398046511146|hasCreator
274877911991|102|hasCreator
274877911992|6597069766775|hasCreator
274877911993|8796093022238|hasCreator
274877911994|133|hasCreator
274877911996|8796093022238|hasCreator
274877911997|133|hasCreator
274877911998|8796093022404|hasCreator
274877911999|4398046511333|hasCreator
274877912000|8796093022390|hasCreator
274877912001|2199023255753|hasCreator
274877912002|8796093022404|hasCreator
274877912003|2199023255555|hasCreator
274877912004|4398046511285|hasCreator
274877912005|6597069766775|hasCreator
274877912006|8796093022348|hasCreator
274877912007|2199023255742|hasCreator
274877912008|8796093022390|hasCreator
274877912009|4398046511285|hasCreator
68719481804|133|hasCreator
68719481805|2199023255555|hasCreator
68719481806|238|hasCreator
68719481807|2199023255742|hasCreator
68719481808|153|hasCreator
68719481809|133|hasCreator
68719481810|153|hasCreator
68719481811|2199023255753|hasCreator
68719481812|238|hasCreator
68719481813|153|hasCreator
68719481814|102|hasCreator
68719481815|2199023255753|hasCreator
68719481816|102|hasCreator
68719481817|102|hasCreator
68719481819|102|hasCreator
68719481820|2199023255555|hasCreator
68719481821|2199023255555|hasCreator
68719481822|2199023255555|hasCreator
68719481823|133|hasCreator
68719481824|238|hasCreator
68719481825|2199023255555|hasCreator
68719481826|41|hasCreator
137438958564|102|hasCreator
137438958565|4398046511205|hasCreator
137438958566|4398046511105|hasCreator
137438958567|2199023255742|hasCreator
137438958568|2199023255629|hasCreator
137438958569|102|hasCreator
137438958570|153|hasCreator
137438958571|238|hasCreator
137438958572|4398046511205|hasCreator
137438958573|2199023255793|hasCreator
137438958574|4398046511205|hasCreator
137438958575|238|hasCreator
137438958576|2199023255753|hasCreator
137438958577|2199023255753|hasCreator
137438958578|2199023255793|hasCreator
137438958579|2199023255555|hasCreator
5109|133|hasCreator
5110|102|hasCreator
5111|238|hasCreator
5112|102|hasCreator
5113|238|hasCreator
5114|238|hasCreator
5115|133|hasCreator
5116|238|hasCreator
5117|133|hasCreator
5118|238|hasCreator
5119|102|hasCreator
5120|238|hasCreator
5121|102|hasCreator
5122|238|hasCreator
5123|133|hasCreator
5124|238|hasCreator
5125|238|hasCreator
343597388807|2199023255753|hasCreator
343597388808|4398046511146|hasCreator
343597388809|4398046511146|hasCreator
343597388810|153|hasCreator
343597388811|8796093022238|hasCreator
343597388812|10995116277891|hasCreator
137438958606|2199023255629|hasCreator
137438958607|2199023255629|hasCreator
206158435345|2199023255555|hasCreator
206158435347|4398046511105|hasCreator
206158435348|41|hasCreator
206158435349|2199023255753|hasCreator
206158435350|4398046511113|hasCreator
206158435351|2199023255753|hasCreator
206158435352|2199023255753|hasCreator
206158435353|4398046511333|hasCreator
206158435354|102|hasCreator
206158435356|2199023255555|hasCreator
206158435357|4398046511105|hasCreator
206158435358|2199023255629|hasCreator
206158435359|2199023255555|hasCreator
206158435360|2199023255555|hasCreator
206158435361|2199023255753|hasCreator
206158435362|2199023255742|hasCreator
206158435363|4398046511105|hasCreator
206158435364|102|hasCreator
206158435365|4398046511205|hasCreator
68719481895|41|hasCreator
68719481896|102|hasCreator
68719481897|153|hasCreator
68719481898|41|hasCreator
68719481899|102|hasCreator
68719481900|41|hasCreator
68719481901|133|hasCreator
68719481902|238|hasCreator
68719481903|102|hasCreator
274877912113|238|hasCreator
274877912114|4398046511333|hasCreator
274877912115|8796093022390|hasCreator
274877912116|41|hasCreator
274877912117|4398046511113|hasCreator
274877912119|6597069766660|hasCreator
274877912120|2199023255742|hasCreator
274877912122|6597069766775|hasCreator
274877912123|133|hasCreator
274877912124|4398046511146|hasCreator
274877912125|238|hasCreator
343597388862|4398046511205|hasCreator
274877912127|2199023255793|hasCreator
274877912128|2199023255629|hasCreator
343597388865|6597069766794|hasCreator
343597388866|102|hasCreator
274877912131|153|hasCreator
274877912132|6597069766794|hasCreator
343597388869|6597069766660|hasCreator
274877912134|133|hasCreator
343597388871|4398046511146|hasCreator
274877912136|41|hasCreator
274877912137|4398046511205|hasCreator
343597388874|4398046511205|hasCreator
274877912140|2199023255629|hasCreator
274877912141|2199023255555|hasCreator
274877912142|4398046511333|hasCreator
274877912143|153|hasCreator
274877912144|6597069766660|hasCreator
274877912145|4398046511146|hasCreator
274877912146|41|hasCreator
274877912147|2199023255793|hasCreator
274877912148|102|hasCreator
274877912149|4398046511285|hasCreator
274877912150|6597069766660|hasCreator
274877912151|41|hasCreator
274877912152|2199023255555|hasCreator
274877912153|4398046511105|hasCreator
274877912154|4398046511205|hasCreator
274877912155|2199023255753|hasCreator
274877912156|4398046511146|hasCreator
274877912157|2199023255742|hasCreator
274877912226|4398046511321|hasCreator
274877912227|6597069766861|hasCreator
274877912228|4398046511321|hasCreator
274877912229|4398046511146|hasCreator
274877912230|4398046511146|hasCreator
274877912231|6597069766861|hasCreator
274877912232|6597069766794|hasCreator
274877912233|2199023255629|hasCreator
274877912234|2199023255712|hasCreator
274877912235|4398046511325|hasCreator
274877912236|4398046511321|hasCreator
274877912237|4398046511124|hasCreator
274877912238|4398046511124|hasCreator
274877912239|6597069766794|hasCreator
274877912240|2199023255712|hasCreator
274877912241|2199023255629|hasCreator
274877912243|6597069766775|hasCreator
274877912245|4398046511146|hasCreator
274877912246|4398046511321|hasCreator
274877912247|59|hasCreator
274877912248|4398046511124|hasCreator
274877912249|4398046511325|hasCreator
274877912250|59|hasCreator
274877912251|4398046511325|hasCreator
274877912252|8796093022453|hasCreator
274877912253|6597069766794|hasCreator
274877912255|6597069766794|hasCreator
274877912256|4398046511146|hasCreator
274877912257|59|hasCreator
274877912258|59|hasCreator
274877912259|4398046511146|hasCreator
274877912260|6597069766775|hasCreator
274877912261|59|hasCreator
274877912262|2199023255699|hasCreator
274877912263|4398046511146|hasCreator
274877912264|4398046511321|hasCreator
274877912265|59|hasCreator
274877912266|4398046511321|hasCreator
274877912267|2199023255712|hasCreator
274877912268|4398046511133|hasCreator
274877912269|6597069766861|hasCreator
274877912270|59|hasCreator
274877912271|2199023255712|hasCreator
274877912272|2199023255712|hasCreator
274877912273|59|hasCreator
206158435625|150|hasCreator
206158435626|4398046511327|hasCreator
206158435627|208|hasCreator
206158435628|150|hasCreator
206158435629|4398046511327|hasCreator
206158435630|150|hasCreator
206158435631|153|hasCreator
206158435632|150|hasCreator
206158435633|153|hasCreator
206158435634|4398046511333|hasCreator
206158435635|2199023255629|hasCreator
206158435636|208|hasCreator
206158435637|4398046511327|hasCreator
206158435638|150|hasCreator
206158435639|4398046511333|hasCreator
206158435640|153|hasCreator
206158435641|2199023255629|hasCreator
206158435642|4398046511327|hasCreator
343597389192|2199023255766|hasCreator
343597389193|4398046511285|hasCreator
343597389194|136|hasCreator
343597389195|8796093022235|hasCreator
343597389196|4398046511327|hasCreator
343597389197|2199023255633|hasCreator
343597389198|8796093022252|hasCreator
206158435801|4398046511190|hasCreator
206158435802|4398046511133|hasCreator
206158435803|2199023255779|hasCreator
206158435804|6597069766769|hasCreator
206158435805|195|hasCreator
206158435806|4398046511113|hasCreator
206158435807|195|hasCreator
206158435808|76|hasCreator
206158435809|4398046511324|hasCreator
206158435810|94|hasCreator
206158435811|6597069766769|hasCreator
137438959077|4398046511109|hasCreator
137438959078|4398046511274|hasCreator
137438959079|4398046511274|hasCreator
137438959080|4398046511133|hasCreator
137438959081|4398046511225|hasCreator
137438959082|96|hasCreator
137438959083|4398046511274|hasCreator
137438959084|2199023255754|hasCreator
137438959085|2199023255754|hasCreator
137438959086|108|hasCreator
137438959087|4398046511297|hasCreator
206158435825|4398046511109|hasCreator
206158435826|2199023255713|hasCreator
206158435827|4398046511239|hasCreator
206158435828|4398046511136|hasCreator
206158435829|2199023255789|hasCreator
206158435830|4398046511225|hasCreator
206158435832|2199023255589|hasCreator
206158435833|4398046511219|hasCreator
206158435834|2199023255779|hasCreator
343597389399|4398046511261|hasCreator
343597389400|4398046511219|hasCreator
343597389401|108|hasCreator
343597389402|8796093022340|hasCreator
343597389403|6597069766759|hasCreator
274877912735|4398046511109|hasCreator
274877912736|4398046511109|hasCreator
274877912737|6597069766841|hasCreator
274877912738|73|hasCreator
274877912739|4398046511225|hasCreator
274877912740|4398046511225|hasCreator
274877912741|73|hasCreator
274877912742|73|hasCreator
274877912743|6597069766759|hasCreator
274877912744|4398046511109|hasCreator
274877912751|4398046511106|hasCreator
274877912752|4398046511106|hasCreator
274877912753|73|hasCreator
274877912754|4398046511109|hasCreator
274877912755|4398046511106|hasCreator
274877912756|4398046511109|hasCreator
274877912757|4398046511109|hasCreator
274877912758|73|hasCreator
274877912759|73|hasCreator
274877912760|6597069766759|hasCreator
274877912761|6597069766759|hasCreator
274877912762|4398046511109|hasCreator
274877912763|4398046511106|hasCreator
274877912764|6597069766759|hasCreator
274877912765|73|hasCreator
274877912766|4398046511106|hasCreator
274877912767|4398046511106|hasCreator
274877912768|6597069766759|hasCreator
137438959320|73|hasCreator
137438959321|73|hasCreator
137438959322|73|hasCreator
137438959323|73|hasCreator
137438959324|73|hasCreator
137438959325|73|hasCreator
137438959326|73|hasCreator
137438959327|73|hasCreator
137438959328|73|hasCreator
343597390006|2199023255580|hasCreator
343597390007|6597069766707|hasCreator
343597390008|10|hasCreator
343597390009|2199023255580|hasCreator
343597390010|6597069766660|hasCreator
343597390011|2199023255574|hasCreator
343597390012|2199023255693|hasCreator
343597390013|6597069766878|hasCreator
274877913500|6597069766722|hasCreator
274877913501|6597069766722|hasCreator
274877913502|6597069766769|hasCreator
274877913503|6597069766769|hasCreator
274877913504|2199023255767|hasCreator
274877913505|4398046511327|hasCreator
274877913506|4398046511133|hasCreator
274877913507|4398046511327|hasCreator
343597390256|2199023255629|hasCreator
274877913522|143|hasCreator
274877913523|4398046511113|hasCreator
274877913524|2199023255612|hasCreator
274877913525|2199023255629|hasCreator
274877913526|2199023255629|hasCreator
274877913527|2199023255742|hasCreator
274877913528|2199023255629|hasCreator
274877913529|2199023255612|hasCreator
274877913530|143|hasCreator
274877913531|143|hasCreator
274877913532|2199023255742|hasCreator
274877913533|2199023255612|hasCreator
274877913534|4398046511220|hasCreator
68719483328|143|hasCreator
68719483329|143|hasCreator
68719483330|143|hasCreator
68719483331|143|hasCreator
68719483332|143|hasCreator
68719483333|143|hasCreator
68719483334|143|hasCreator
68719483335|143|hasCreator
68719483336|143|hasCreator
68719483337|143|hasCreator
68719483338|143|hasCreator
68719483339|143|hasCreator
68719483340|143|hasCreator
68719483341|143|hasCreator
68719483344|143|hasCreator
68719483345|143|hasCreator
68719483346|143|hasCreator
68719483347|143|hasCreator
68719483348|143|hasCreator
68719483349|143|hasCreator
68719483350|143|hasCreator
68719483351|143|hasCreator
68719483352|143|hasCreator
68719483353|143|hasCreator
68719483354|143|hasCreator
68719483355|143|hasCreator
68719483356|143|hasCreator
68719483357|143|hasCreator
68719483358|143|hasCreator
68719483359|143|hasCreator
68719483360|143|hasCreator
68719483361|143|hasCreator
68719483362|143|hasCreator
68719483363|143|hasCreator
343597390435|2199023255756|hasCreator
343597390436|2199023255555|hasCreator
343597390437|8796093022307|hasCreator
343597390438|6597069766795|hasCreator
343597390439|6597069766722|hasCreator
343597390440|2199023255589|hasCreator
343597390441|2199023255738|hasCreator
343597390442|4398046511252|hasCreator
343597390443|2199023255555|hasCreator
343597390444|111|hasCreator
343597390445|4398046511113|hasCreator
343597390446|4398046511232|hasCreator
343597390447|8796093022432|hasCreator
343597390448|6597069766722|hasCreator
343597390449|8796093022238|hasCreator
343597390500|8796093022252|hasCreator
343597390501|8796093022363|hasCreator
343597390502|2199023255730|hasCreator
343597390503|2199023255674|hasCreator
343597390504|59|hasCreator
343597390505|2199023255589|hasCreator
343597390506|2199023255756|hasCreator
343597390507|8796093022248|hasCreator
343597390508|2199023255736|hasCreator
343597390509|4398046511333|hasCreator
343597390510|8796093022248|hasCreator
343597390511|4398046511113|hasCreator
343597390512|8796093022252|hasCreator
343597390513|4398046511252|hasCreator
343597390514|4398046511183|hasCreator
343597390515|8796093022252|hasCreator
343597390516|8796093022348|hasCreator
343597390517|8796093022248|hasCreator
343597390518|6597069766660|hasCreator
343597390519|2199023255736|hasCreator
274877913785|6597069766769|hasCreator
274877913786|2199023255555|hasCreator
274877913787|2199023255565|hasCreator
274877913788|4398046511249|hasCreator
274877913789|4398046511112|hasCreator
274877913790|6597069766769|hasCreator
274877913791|4398046511316|hasCreator
274877913792|2199023255730|hasCreator
274877913793|4398046511232|hasCreator
274877913794|4398046511123|hasCreator
274877913795|2199023255616|hasCreator
274877913796|4398046511232|hasCreator
274877913797|6597069766709|hasCreator
274877913798|4398046511249|hasCreator
274877913799|2199023255565|hasCreator
274877913800|2199023255756|hasCreator
274877913801|2199023255565|hasCreator
274877913802|2199023255565|hasCreator
274877913803|6597069766769|hasCreator
274877913804|2199023255736|hasCreator
274877913864|4398046511113|hasCreator
274877913865|2199023255756|hasCreator
274877913866|4398046511205|hasCreator
274877913867|2199023255736|hasCreator
274877913869|6597069766795|hasCreator
274877913870|4398046511325|hasCreator
274877913871|6597069766722|hasCreator
274877913872|238|hasCreator
274877913873|59|hasCreator
274877913874|2199023255555|hasCreator
274877913875|2199023255674|hasCreator
274877913876|4398046511112|hasCreator
274877913877|6597069766795|hasCreator
274877913878|2199023255712|hasCreator
274877913879|4398046511205|hasCreator
274877913880|2199023255736|hasCreator
274877913881|4398046511333|hasCreator
274877913882|4398046511261|hasCreator
343597390681|2199023255738|hasCreator
343597390682|142|hasCreator
343597390683|4398046511321|hasCreator
343597390684|2199023255730|hasCreator
343597390685|4398046511219|hasCreator
343597390686|8796093022411|hasCreator
343597390687|6597069766722|hasCreator
343597390688|8796093022322|hasCreator
343597390689|4398046511252|hasCreator
343597390690|4398046511333|hasCreator
343597390691|2199023255555|hasCreator
343597390692|8796093022432|hasCreator
343597390693|8796093022307|hasCreator
343597390694|8796093022363|hasCreator
343597390695|4398046511112|hasCreator
343597390696|8796093022359|hasCreator
343597390697|4398046511321|hasCreator
343597390698|6597069766709|hasCreator
274877914006|4398046511183|hasCreator
274877914007|111|hasCreator
274877914008|4398046511123|hasCreator
274877914009|8796093022348|hasCreator
274877914010|6597069766701|hasCreator
274877914028|8796093022248|hasCreator
274877914029|2199023255736|hasCreator
274877914030|6597069766660|hasCreator
274877914031|4398046511231|hasCreator
274877914032|4398046511316|hasCreator
274877914033|8796093022248|hasCreator
274877914034|4398046511112|hasCreator
274877914035|4398046511112|hasCreator
343597390773|4398046511261|hasCreator
343597390774|2199023255589|hasCreator
343597390775|8796093022375|hasCreator
343597390776|2199023255756|hasCreator
343597390777|8796093022432|hasCreator
343597390778|6597069766660|hasCreator
343597390779|8796093022307|hasCreator
343597390780|2199023255555|hasCreator
343597390781|10995116277844|hasCreator
343597390782|8796093022252|hasCreator
343597390783|6597069766701|hasCreator
343597390784|111|hasCreator
343597390785|2199023255589|hasCreator
343597390786|2199023255565|hasCreator
343597390787|4398046511112|hasCreator
343597390788|2199023255767|hasCreator
343597390789|142|hasCreator
274877914072|4398046511113|hasCreator
274877914073|111|hasCreator
274877914074|2199023255738|hasCreator
274877914075|2199023255712|hasCreator
274877914076|8796093022348|hasCreator
274877914077|2199023255756|hasCreator
274877914078|2199023255565|hasCreator
274877914079|4398046511261|hasCreator
274877914080|4398046511205|hasCreator
274877914081|2199023255730|hasCreator
274877914082|8796093022363|hasCreator
274877914083|2199023255756|hasCreator
274877914084|2199023255565|hasCreator
274877914085|2199023255674|hasCreator
274877914086|2199023255674|hasCreator
274877914087|4398046511232|hasCreator
274877914088|6597069766795|hasCreator
274877914089|218|hasCreator
343597390827|6597069766709|hasCreator
343597390828|8796093022318|hasCreator
343597390829|4398046511261|hasCreator
343597390830|4398046511113|hasCreator
343597390831|6597069766709|hasCreator
343597390832|4398046511231|hasCreator
343597390833|2199023255712|hasCreator
343597390834|8796093022238|hasCreator
343597390835|4398046511333|hasCreator
343597390836|8796093022432|hasCreator
343597390837|173|hasCreator
343597390838|2199023255756|hasCreator
343597390839|4398046511183|hasCreator
343597390840|4398046511261|hasCreator
343597390841|2199023255738|hasCreator
343597390842|6597069766769|hasCreator
343597390843|6597069766795|hasCreator
343597390844|4398046511261|hasCreator
274877914160|4398046511232|hasCreator
274877914161|238|hasCreator
274877914162|59|hasCreator
274877914163|4398046511183|hasCreator
274877914164|6597069766722|hasCreator
274877914165|6597069766795|hasCreator
274877914166|2199023255730|hasCreator
274877914167|6597069766795|hasCreator
274877914168|173|hasCreator
274877914169|4398046511113|hasCreator
274877914170|6597069766769|hasCreator
274877914171|2199023255589|hasCreator
274877914172|6597069766795|hasCreator
274877914173|8796093022248|hasCreator
274877914174|234|hasCreator
274877914175|111|hasCreator
274877914176|4398046511205|hasCreator
274877914177|8796093022322|hasCreator
274877914178|6597069766795|hasCreator
274877914180|2199023255738|hasCreator
274877914181|2199023255736|hasCreator
274877914182|4398046511325|hasCreator
274877914183|111|hasCreator
274877914184|2199023255730|hasCreator
274877914185|4398046511205|hasCreator
274877914186|2199023255616|hasCreator
274877914187|4398046511316|hasCreator
274877914188|8796093022248|hasCreator
274877914189|2199023255736|hasCreator
274877914190|8796093022252|hasCreator
274877914191|6597069766660|hasCreator
274877914192|2199023255616|hasCreator
274877914193|4398046511325|hasCreator
274877914194|4398046511232|hasCreator
274877914195|4398046511113|hasCreator
274877914196|4398046511123|hasCreator
274877914198|8796093022248|hasCreator
274877914199|4398046511261|hasCreator
274877914200|2199023255736|hasCreator
274877914201|6597069766769|hasCreator
274877914202|4398046511325|hasCreator
274877914203|8796093022322|hasCreator
274877914204|4398046511261|hasCreator
274877914205|173|hasCreator
274877914206|4398046511232|hasCreator
274877914207|142|hasCreator
274877914208|4398046511231|hasCreator
274877914209|4398046511261|hasCreator
274877914210|2199023255555|hasCreator
274877914211|218|hasCreator
274877914212|8796093022348|hasCreator
274877914213|4398046511205|hasCreator
274877914214|4398046511316|hasCreator
274877914216|2199023255736|hasCreator
274877914217|4398046511249|hasCreator
274877914218|4398046511316|hasCreator
274877914219|4398046511113|hasCreator
274877914220|4398046511316|hasCreator
274877914221|2199023255616|hasCreator
274877914222|8796093022252|hasCreator
274877914223|4398046511205|hasCreator
274877914224|6597069766660|hasCreator
274877914225|4398046511231|hasCreator
274877914226|59|hasCreator
274877914227|2199023255736|hasCreator
274877914228|4398046511352|hasCreator
274877914229|6597069766722|hasCreator
274877914230|2199023255555|hasCreator
274877914231|4398046511325|hasCreator
274877914232|8796093022348|hasCreator
274877914233|6597069766709|hasCreator
274877914234|2199023255736|hasCreator
274877914235|234|hasCreator
274877914237|4398046511123|hasCreator
274877914238|4398046511183|hasCreator
274877914240|2199023255565|hasCreator
274877914241|4398046511183|hasCreator
274877914242|4398046511205|hasCreator
274877914243|111|hasCreator
274877914244|234|hasCreator
274877914245|4398046511123|hasCreator
274877914246|4398046511183|hasCreator
274877914247|2199023255736|hasCreator
274877914248|4398046511113|hasCreator
274877914249|2199023255565|hasCreator
274877914250|234|hasCreator
274877914251|8796093022322|hasCreator
274877914252|4398046511333|hasCreator
274877914253|2199023255565|hasCreator
274877914254|4398046511352|hasCreator
274877914256|173|hasCreator
274877914257|4398046511249|hasCreator
274877914258|4398046511316|hasCreator
274877914259|6597069766769|hasCreator
274877914260|6597069766795|hasCreator
274877914261|4398046511249|hasCreator
274877914262|2199023255712|hasCreator
274877914263|2199023255756|hasCreator
274877914264|8796093022363|hasCreator
274877914265|2199023255674|hasCreator
274877914266|4398046511112|hasCreator
274877914267|2199023255730|hasCreator
274877914268|2199023255674|hasCreator
274877914269|4398046511316|hasCreator
274877914270|2199023255736|hasCreator
274877914271|173|hasCreator
274877914273|6597069766722|hasCreator
274877914274|142|hasCreator
274877914275|6597069766795|hasCreator
274877914276|2199023255589|hasCreator
274877914277|2199023255589|hasCreator
274877914278|4398046511249|hasCreator
274877914279|2199023255616|hasCreator
274877914281|4398046511113|hasCreator
274877914282|4398046511261|hasCreator
274877914283|4398046511112|hasCreator
274877914284|2199023255674|hasCreator
274877914285|4398046511249|hasCreator
274877914286|8796093022252|hasCreator
274877914287|6597069766769|hasCreator
274877914288|4398046511333|hasCreator
274877914289|2199023255712|hasCreator
274877914290|2199023255674|hasCreator
274877914291|4398046511325|hasCreator
274877914292|4398046511183|hasCreator
274877914293|4398046511183|hasCreator
274877914295|4398046511112|hasCreator
274877914297|4398046511316|hasCreator
274877914298|6597069766722|hasCreator
274877914299|4398046511231|hasCreator
274877914300|4398046511261|hasCreator
274877914301|173|hasCreator
274877914302|8796093022348|hasCreator
274877914303|2199023255738|hasCreator
274877914304|2199023255738|hasCreator
274877914305|2199023255555|hasCreator
274877914306|4398046511333|hasCreator
274877914307|6597069766795|hasCreator
274877914308|2199023255589|hasCreator
274877914309|4398046511261|hasCreator
274877914310|8796093022248|hasCreator
274877914311|8796093022248|hasCreator
274877914312|4398046511333|hasCreator
274877914313|2199023255756|hasCreator
274877914314|2199023255756|hasCreator
274877914391|4398046511268|hasCreator
274877914392|10|hasCreator
274877914393|133|hasCreator
274877914394|4398046511146|hasCreator
274877914395|6597069766746|hasCreator
274877914396|6597069766746|hasCreator
274877914397|6597069766692|hasCreator
274877914398|4398046511268|hasCreator
274877914399|4398046511146|hasCreator
274877914400|6597069766692|hasCreator
343597391201|10995116277795|hasCreator
343597391202|4398046511146|hasCreator
343597391203|4398046511330|hasCreator
343597391204|234|hasCreator
343597391205|6597069766818|hasCreator
343597391206|4398046511192|hasCreator
343597391207|76|hasCreator
343597391209|94|hasCreator
343597391210|4398046511113|hasCreator
343597391211|6597069766746|hasCreator
343597391212|10|hasCreator
343597391213|2199023255699|hasCreator
274877914679|4398046511239|hasCreator
274877914687|6597069766832|hasCreator
274877914688|4398046511249|hasCreator
274877914689|4398046511113|hasCreator
274877914690|4398046511239|hasCreator
274877914691|6597069766734|hasCreator
274877914692|4398046511239|hasCreator
274877914693|4398046511113|hasCreator
274877914694|6597069766839|hasCreator
274877914695|4398046511113|hasCreator
274877914696|4398046511333|hasCreator
274877914697|4398046511274|hasCreator
274877914698|6597069766786|hasCreator
274877914699|6597069766839|hasCreator
274877914700|4398046511292|hasCreator
274877914701|2199023255615|hasCreator
274877914702|8796093022239|hasCreator
274877914703|8796093022239|hasCreator
274877914704|8796093022239|hasCreator
274877914705|6597069766839|hasCreator
274877914706|4398046511333|hasCreator
274877914708|6597069766839|hasCreator
274877914709|4398046511190|hasCreator
274877914710|6597069766786|hasCreator
274877914711|6597069766786|hasCreator
274877914712|2199023255711|hasCreator
274877914713|4398046511136|hasCreator
274877914714|4398046511317|hasCreator
274877914715|4398046511292|hasCreator
274877914716|8796093022239|hasCreator
274877914717|4398046511274|hasCreator
274877914718|4398046511249|hasCreator
274877914719|4398046511225|hasCreator
274877914720|2199023255615|hasCreator
274877914721|6597069766734|hasCreator
274877914722|2199023255615|hasCreator
274877914724|4398046511249|hasCreator
274877914725|4398046511249|hasCreator
274877914726|4398046511333|hasCreator
274877914727|4398046511333|hasCreator
274877914728|4398046511249|hasCreator
274877914729|150|hasCreator
274877914730|4398046511249|hasCreator
274877914731|2199023255689|hasCreator
274877914732|6597069766734|hasCreator
274877914733|4398046511239|hasCreator
274877914734|6597069766734|hasCreator
274877914735|6597069766839|hasCreator
274877914737|6597069766734|hasCreator
274877914738|4398046511136|hasCreator
274877914739|4398046511225|hasCreator
274877914740|6597069766734|hasCreator
274877914741|8796093022239|hasCreator
274877914742|4398046511136|hasCreator
274877914743|4398046511325|hasCreator
137438961393|150|hasCreator
137438961394|2199023255711|hasCreator
137438961395|150|hasCreator
137438961396|4398046511351|hasCreator
137438961397|2199023255574|hasCreator
137438961400|73|hasCreator
137438961402|2199023255616|hasCreator
137438961403|2199023255616|hasCreator
137438961404|150|hasCreator
137438961405|2199023255574|hasCreator
137438961406|2199023255711|hasCreator
137438961407|2199023255711|hasCreator
137438961408|150|hasCreator
137438961409|2199023255574|hasCreator
137438961410|2199023255711|hasCreator
137438961411|2199023255711|hasCreator
137438961412|73|hasCreator
137438961413|73|hasCreator
137438961414|73|hasCreator
137438961415|73|hasCreator
206158438334|2199023255612|hasCreator
206158438335|2199023255742|hasCreator
206158438336|2199023255742|hasCreator
206158438337|4398046511225|hasCreator
206158438338|2199023255612|hasCreator
206158438339|2199023255580|hasCreator
206158438340|2199023255580|hasCreator
206158438341|6597069766887|hasCreator
206158438342|6597069766887|hasCreator
206158438343|59|hasCreator
206158438344|6597069766887|hasCreator
206158438345|2199023255629|hasCreator
206158438346|6597069766887|hasCreator
206158438347|6597069766887|hasCreator
206158438348|6597069766887|hasCreator
206158438349|2199023255580|hasCreator
206158438350|2199023255742|hasCreator
137438961616|59|hasCreator
137438961617|4398046511292|hasCreator
137438961618|4398046511225|hasCreator
137438961619|2199023255580|hasCreator
137438961620|2199023255612|hasCreator
137438961621|4398046511292|hasCreator
137438961622|2199023255629|hasCreator
137438961623|2199023255580|hasCreator
137438961624|2199023255742|hasCreator
137438961625|2199023255742|hasCreator
137438961626|4398046511292|hasCreator
137438961627|2199023255742|hasCreator
137438961628|4398046511292|hasCreator
206158438366|4398046511292|hasCreator
206158438367|4398046511292|hasCreator
206158438368|2199023255629|hasCreator
206158438369|2199023255580|hasCreator
137438961635|59|hasCreator
137438961636|2199023255580|hasCreator
137438961637|4398046511292|hasCreator
137438961638|2199023255580|hasCreator
137438961639|2199023255629|hasCreator
137438961640|2199023255742|hasCreator
137438961641|2199023255629|hasCreator
137438961642|2199023255612|hasCreator
137438961643|2199023255629|hasCreator
343597391916|8796093022252|hasCreator
343597391917|6597069766660|hasCreator
343597391918|6597069766887|hasCreator
343597391919|4398046511105|hasCreator
343597391920|2199023255565|hasCreator
343597391921|4398046511106|hasCreator
343597391922|8796093022301|hasCreator
343597391923|2199023255742|hasCreator
274877915195|2199023255616|hasCreator
274877915196|6597069766887|hasCreator
274877915197|4398046511224|hasCreator
274877915198|2199023255629|hasCreator
274877915199|2199023255580|hasCreator
274877915200|2199023255616|hasCreator
206158438466|4398046511106|hasCreator
206158438467|2199023255738|hasCreator
206158438468|59|hasCreator
206158438469|59|hasCreator
206158438470|2199023255607|hasCreator
206158438471|2199023255612|hasCreator
206158438472|2199023255629|hasCreator
206158438473|2199023255738|hasCreator
206158438474|2199023255738|hasCreator
206158438475|59|hasCreator
206158438476|4398046511105|hasCreator
206158438477|4398046511106|hasCreator
206158438478|4398046511106|hasCreator
206158438479|4398046511105|hasCreator
206158438480|4398046511106|hasCreator
206158438481|2199023255612|hasCreator
274877915224|2199023255607|hasCreator
274877915225|59|hasCreator
274877915226|4398046511105|hasCreator
274877915227|4398046511151|hasCreator
274877915228|4398046511224|hasCreator
274877915229|2199023255616|hasCreator
274877915230|6597069766887|hasCreator
274877915231|2199023255580|hasCreator
274877915232|2199023255616|hasCreator
343597391984|4398046511106|hasCreator
343597391985|2199023255616|hasCreator
343597391986|4398046511351|hasCreator
343597391987|234|hasCreator
343597391988|4398046511106|hasCreator
343597391989|4398046511105|hasCreator
343597391990|59|hasCreator
343597391991|150|hasCreator
343597391992|150|hasCreator
206158438672|4398046511225|hasCreator
206158438673|4398046511225|hasCreator
206158438674|2199023255742|hasCreator
206158438675|2199023255742|hasCreator
206158438676|4398046511285|hasCreator
206158438677|2199023255689|hasCreator
206158438678|2199023255689|hasCreator
206158438679|4398046511343|hasCreator
206158438680|4398046511285|hasCreator
206158438681|4398046511343|hasCreator
137438961947|4398046511225|hasCreator
137438961948|4398046511225|hasCreator
137438961949|2199023255742|hasCreator
137438961950|4398046511225|hasCreator
137438961951|4398046511225|hasCreator
137438961952|2199023255742|hasCreator
137438961953|2199023255689|hasCreator
137438961954|2199023255689|hasCreator
137438961955|2199023255689|hasCreator
137438961956|2199023255689|hasCreator
137438961957|2199023255742|hasCreator
137438961958|4398046511225|hasCreator
137438961959|2199023255689|hasCreator
206158438697|4398046511285|hasCreator
206158438698|4398046511343|hasCreator
206158438699|4398046511225|hasCreator
206158438700|4398046511225|hasCreator
206158438701|2199023255742|hasCreator
206158438702|4398046511343|hasCreator
206158438703|4398046511285|hasCreator
206158438704|4398046511225|hasCreator
206158438705|4398046511225|hasCreator
206158438706|2199023255689|hasCreator
206158438707|2199023255689|hasCreator
206158438708|4398046511343|hasCreator
274877915446|6597069766769|hasCreator
274877915447|6597069766769|hasCreator
274877915448|2199023255767|hasCreator
274877915449|2199023255767|hasCreator
274877915450|4398046511192|hasCreator
274877915451|6597069766769|hasCreator
274877915452|6597069766769|hasCreator
274877915453|4398046511205|hasCreator
274877915454|4398046511192|hasCreator
274877915455|4398046511192|hasCreator
274877915456|4398046511192|hasCreator
274877915457|2199023255767|hasCreator
274877915458|2199023255767|hasCreator
274877915459|2199023255767|hasCreator
274877915460|4398046511192|hasCreator
274877915461|6597069766769|hasCreator
274877915462|2199023255767|hasCreator
274877915463|4398046511192|hasCreator
274877915465|2199023255767|hasCreator
274877915466|4398046511162|hasCreator
274877915467|4398046511192|hasCreator
274877915468|2199023255767|hasCreator
274877915469|4398046511205|hasCreator
274877915470|4398046511205|hasCreator
274877915471|73|hasCreator
274877915472|73|hasCreator
274877915473|4398046511205|hasCreator
274877915474|2199023255767|hasCreator
274877915475|2199023255767|hasCreator
274877915476|73|hasCreator
274877915477|73|hasCreator
274877915478|4398046511146|hasCreator
274877915479|2199023255767|hasCreator
274877915480|6597069766769|hasCreator
343597392218|4398046511205|hasCreator
343597392219|4398046511162|hasCreator
343597392220|4398046511297|hasCreator
343597392221|2199023255767|hasCreator
343597392222|2199023255730|hasCreator
343597392223|2199023255754|hasCreator
343597392224|2199023255693|hasCreator
343597392225|6597069766769|hasCreator
343597392226|234|hasCreator
343597392227|2199023255730|hasCreator
343597392228|2199023255693|hasCreator
343597392229|4398046511297|hasCreator
343597392230|8796093022232|hasCreator
343597392231|4398046511192|hasCreator
343597392232|6597069766756|hasCreator
343597392233|4398046511297|hasCreator
343597392234|2199023255730|hasCreator
343597392235|6597069766769|hasCreator
68719485293|228|hasCreator
68719485294|228|hasCreator
68719485295|228|hasCreator
68719485296|150|hasCreator
68719485297|228|hasCreator
68719485298|150|hasCreator
68719485299|228|hasCreator
68719485300|228|hasCreator
68719485301|150|hasCreator
68719485302|228|hasCreator
68719485303|150|hasCreator
68719485304|228|hasCreator
68719485305|150|hasCreator
68719485306|228|hasCreator
68719485307|150|hasCreator
68719485308|228|hasCreator
68719485309|150|hasCreator
68719485310|150|hasCreator
68719485329|2199023255629|hasCreator
68719485330|2199023255712|hasCreator
68719485331|228|hasCreator
68719485332|228|hasCreator
68719485333|2199023255712|hasCreator
68719485334|228|hasCreator
68719485335|228|hasCreator
68719485336|228|hasCreator
68719485337|246|hasCreator
343597392283|8796093022390|hasCreator
343597392284|4398046511231|hasCreator
343597392285|4398046511333|hasCreator
343597392286|228|hasCreator
343597392287|6597069766794|hasCreator
343597392288|10995116277918|hasCreator
343597392289|4398046511231|hasCreator
68719485347|150|hasCreator
68719485348|150|hasCreator
68719485349|150|hasCreator
68719485350|150|hasCreator
68719485351|150|hasCreator
68719485352|150|hasCreator
68719485353|150|hasCreator
68719485354|150|hasCreator
68719485355|150|hasCreator
68719485356|150|hasCreator
68719485357|150|hasCreator
68719485358|150|hasCreator
68719485359|150|hasCreator
68719485360|150|hasCreator
68719485361|150|hasCreator
68719485362|150|hasCreator
343597392308|4398046511333|hasCreator
343597392310|8796093022357|hasCreator
343597392311|246|hasCreator
343597392312|6597069766708|hasCreator
343597392313|8796093022357|hasCreator
343597392314|2199023255574|hasCreator
343597392315|4398046511231|hasCreator
343597392316|150|hasCreator
343597392317|6597069766660|hasCreator
343597392318|2199023255629|hasCreator
343597392319|4398046511231|hasCreator
343597392320|150|hasCreator
343597392321|4398046511327|hasCreator
343597392322|2199023255574|hasCreator
343597392323|2199023255574|hasCreator
343597392325|228|hasCreator
343597392326|6597069766775|hasCreator
343597392327|4398046511231|hasCreator
343597392328|2199023255629|hasCreator
343597392329|4398046511231|hasCreator
343597392330|6597069766660|hasCreator
343597392331|2199023255574|hasCreator
343597392332|4398046511297|hasCreator
343597392333|6597069766775|hasCreator
343597392334|2199023255712|hasCreator
343597392335|4398046511297|hasCreator
343597392336|6597069766775|hasCreator
343597392337|2199023255629|hasCreator
343597392339|4398046511333|hasCreator
343597392340|2199023255712|hasCreator
343597392341|6597069766708|hasCreator
343597392342|4398046511231|hasCreator
343597392343|2199023255629|hasCreator
274877915609|6597069766660|hasCreator
274877915610|8796093022390|hasCreator
274877915611|4398046511292|hasCreator
68719485701|6|hasCreator
68719485702|2199023255689|hasCreator
68719485703|2199023255689|hasCreator
68719485704|2199023255689|hasCreator
68719485705|6|hasCreator
68719485706|2199023255689|hasCreator
68719485707|6|hasCreator
68719485708|2199023255689|hasCreator
68719485709|2199023255689|hasCreator
68719485710|6|hasCreator
68719485711|2199023255689|hasCreator
343597392657|6597069766746|hasCreator
343597392658|6|hasCreator
343597392659|2199023255711|hasCreator
343597392660|6597069766887|hasCreator
343597392661|2199023255711|hasCreator
343597392662|4398046511333|hasCreator
343597392664|6|hasCreator
137438962458|6|hasCreator
137438962459|2199023255689|hasCreator
137438962460|2199023255742|hasCreator
137438962461|2199023255711|hasCreator
137438962462|2199023255689|hasCreator
137438962463|6|hasCreator
137438962464|6|hasCreator
137438962465|2199023255742|hasCreator
137438962466|2199023255742|hasCreator
137438962467|2199023255689|hasCreator
137438962468|2199023255711|hasCreator
137438962469|2199023255711|hasCreator
137438962470|2199023255742|hasCreator
137438962471|2199023255711|hasCreator
137438962472|2199023255711|hasCreator
137438962474|2199023255742|hasCreator
137438962475|2199023255711|hasCreator
137438962476|2199023255742|hasCreator
137438962477|2199023255742|hasCreator
137438962479|2199023255742|hasCreator
137438962480|6|hasCreator
137438962481|6|hasCreator
137438962482|2199023255711|hasCreator
137438962483|2199023255689|hasCreator
137438962484|6|hasCreator
137438962485|6|hasCreator
137438962486|2199023255711|hasCreator
137438962487|2199023255711|hasCreator
137438962488|6|hasCreator
137438962489|2199023255689|hasCreator
137438962490|2199023255711|hasCreator
137438962491|2199023255711|hasCreator
137438962492|2199023255689|hasCreator
137438962493|2199023255742|hasCreator
137438962494|2199023255742|hasCreator
137438962495|6|hasCreator
343597392743|50|hasCreator
343597392744|2199023255693|hasCreator
343597392745|8796093022215|hasCreator
343597392746|48|hasCreator
343597392748|2199023255742|hasCreator
343597392808|4398046511220|hasCreator
343597392809|6597069766672|hasCreator
343597392810|8796093022390|hasCreator
343597392811|8796093022215|hasCreator
343597392812|2199023255674|hasCreator
343597392813|6597069766753|hasCreator
343597392814|6597069766734|hasCreator
343597392839|8796093022322|hasCreator
343597392840|4398046511333|hasCreator
343597392841|4398046511327|hasCreator
343597392842|8796093022390|hasCreator
343597392843|2199023255766|hasCreator
343597392844|2199023255565|hasCreator
343597392845|6597069766709|hasCreator
274877916141|4398046511220|hasCreator
343597392878|2199023255565|hasCreator
274877916143|2199023255565|hasCreator
343597392880|4398046511333|hasCreator
343597392881|2199023255565|hasCreator
274877916146|8796093022390|hasCreator
274877916147|6597069766709|hasCreator
274877916148|2199023255779|hasCreator
274877916185|8796093022390|hasCreator
274877916186|234|hasCreator
274877916187|2199023255766|hasCreator
274877916188|2199023255565|hasCreator
274877916189|2199023255565|hasCreator
274877916190|4398046511352|hasCreator
274877916191|234|hasCreator
274877916192|2199023255591|hasCreator
274877916193|4398046511327|hasCreator
274877916194|142|hasCreator
274877916195|4398046511324|hasCreator
274877916196|2199023255591|hasCreator
274877916197|4398046511327|hasCreator
274877916198|142|hasCreator
274877916199|2199023255689|hasCreator
274877916200|6597069766812|hasCreator
274877916201|2199023255782|hasCreator
343597392953|6597069766887|hasCreator
343597392954|2199023255591|hasCreator
343597392955|6|hasCreator
343597392956|173|hasCreator
343597392957|2199023255674|hasCreator
343597392958|6|hasCreator
343597392959|4398046511352|hasCreator
343597392960|2199023255629|hasCreator
343597392961|2199023255629|hasCreator
343597392962|6597069766734|hasCreator
274877916267|6597069766887|hasCreator
343597393005|6597069766887|hasCreator
343597393006|8796093022390|hasCreator
343597393007|2199023255607|hasCreator
343597393008|4398046511327|hasCreator
343597393009|6597069766734|hasCreator
343597393010|4398046511220|hasCreator
343597393011|234|hasCreator
343597393012|8796093022246|hasCreator
343597393013|8796093022235|hasCreator
343597393014|173|hasCreator
343597393015|173|hasCreator
343597393016|6597069766887|hasCreator
343597393017|6|hasCreator
343597393018|4398046511352|hasCreator
343597393019|6597069766753|hasCreator
343597393094|6597069766866|hasCreator
343597393095|8796093022291|hasCreator
343597393096|2199023255766|hasCreator
343597393097|2199023255779|hasCreator
206158439637|6597069766866|hasCreator
206158439638|2199023255669|hasCreator
206158439639|234|hasCreator
206158439640|234|hasCreator
206158439641|6597069766866|hasCreator
206158439642|2199023255669|hasCreator
206158439643|234|hasCreator
206158439644|2199023255565|hasCreator
206158439645|2199023255565|hasCreator
206158439646|234|hasCreator
206158439647|2199023255669|hasCreator
206158439648|173|hasCreator
343597393153|8796093022322|hasCreator
343597393154|2199023255565|hasCreator
343597393155|4398046511352|hasCreator
343597393156|2199023255779|hasCreator
343597393157|8796093022215|hasCreator
343597393158|4398046511352|hasCreator
343597393159|8796093022235|hasCreator
343597393160|8796093022432|hasCreator
343597393161|6597069766734|hasCreator
343597393162|4398046511327|hasCreator
343597393163|6597069766746|hasCreator
343597393164|4398046511327|hasCreator
343597393165|2199023255782|hasCreator
343597393166|6597069766753|hasCreator
343597393167|4398046511220|hasCreator
343597393168|2199023255669|hasCreator
343597393169|2199023255674|hasCreator
343597393170|8796093022390|hasCreator
343597393172|4398046511224|hasCreator
274877916447|2199023255779|hasCreator
274877916448|2199023255766|hasCreator
274877916449|142|hasCreator
274877916450|150|hasCreator
274877916451|2199023255779|hasCreator
274877916452|6|hasCreator
274877916453|6597069766709|hasCreator
274877916454|6597069766812|hasCreator
274877916455|6|hasCreator
274877916456|4398046511324|hasCreator
274877916457|2199023255565|hasCreator
274877916458|234|hasCreator
274877916459|2199023255779|hasCreator
274877916460|6597069766812|hasCreator
274877916461|173|hasCreator
274877916462|142|hasCreator
343597393211|2199023255753|hasCreator
343597393212|8796093022432|hasCreator
343597393213|2199023255565|hasCreator
343597393214|150|hasCreator
343597393215|6597069766866|hasCreator
343597393216|8796093022390|hasCreator
343597393217|234|hasCreator
343597393218|2199023255717|hasCreator
274877916484|6597069766660|hasCreator
274877916485|143|hasCreator
274877916486|143|hasCreator
274877916487|153|hasCreator
274877916488|2199023255616|hasCreator
274877916489|2199023255616|hasCreator
274877916490|6597069766660|hasCreator
274877916491|153|hasCreator
274877916492|6597069766660|hasCreator
274877916493|2199023255746|hasCreator
274877916494|2199023255616|hasCreator
274877916495|2199023255746|hasCreator
274877916496|6597069766660|hasCreator
274877916497|143|hasCreator
274877916498|153|hasCreator
274877916499|2199023255616|hasCreator
274877916500|6597069766660|hasCreator
206158439766|153|hasCreator
206158439767|2199023255616|hasCreator
206158439768|153|hasCreator
206158439769|153|hasCreator
206158439770|143|hasCreator
274877916580|4398046511146|hasCreator
206158439846|4398046511124|hasCreator
206158439847|4398046511146|hasCreator
206158439848|228|hasCreator
206158439849|2199023255574|hasCreator
206158439850|76|hasCreator
206158439851|4398046511124|hasCreator
206158439852|4398046511146|hasCreator
206158439853|153|hasCreator
137438963500|150|hasCreator
137438963501|102|hasCreator
137438963502|150|hasCreator
137438963503|246|hasCreator
137438963504|102|hasCreator
137438963505|2199023255574|hasCreator
137438963506|150|hasCreator
137438963507|2199023255767|hasCreator
137438963508|102|hasCreator
137438963509|2199023255767|hasCreator
137438963510|2199023255712|hasCreator
137438963512|2199023255746|hasCreator
137438963513|4398046511146|hasCreator
137438963514|4398046511146|hasCreator
137438963515|76|hasCreator
137438963516|2199023255767|hasCreator
137438963517|2199023255712|hasCreator
137438963518|102|hasCreator
137438963519|2199023255746|hasCreator
137438963520|4398046511146|hasCreator
137438963521|4398046511146|hasCreator
68719486787|150|hasCreator
68719486788|2199023255746|hasCreator
68719486789|2199023255746|hasCreator
68719486790|150|hasCreator
68719486791|76|hasCreator
68719486792|2199023255746|hasCreator
68719486793|150|hasCreator
68719486794|2199023255746|hasCreator
68719486795|150|hasCreator
68719486796|102|hasCreator
68719486797|102|hasCreator
68719486798|2199023255746|hasCreator
137438963536|102|hasCreator
137438963537|102|hasCreator
137438963538|2199023255767|hasCreator
343597393748|2199023255767|hasCreator
343597393749|246|hasCreator
343597393750|76|hasCreator
343597393751|10995116277992|hasCreator
343597393752|76|hasCreator
343597393753|8796093022357|hasCreator
343597393754|4398046511146|hasCreator
343597393755|102|hasCreator
343597393756|246|hasCreator
343597393757|246|hasCreator
343597393758|2199023255574|hasCreator
343597393759|2199023255712|hasCreator
343597393760|2199023255574|hasCreator
343597393761|4398046511146|hasCreator
343597393762|10995116277992|hasCreator
343597393763|150|hasCreator
137438963741|2199023255689|hasCreator
137438963742|2199023255742|hasCreator
137438963743|2199023255689|hasCreator
137438963744|228|hasCreator
137438963745|2199023255767|hasCreator
137438963746|2199023255742|hasCreator
137438963747|246|hasCreator
137438963748|2199023255689|hasCreator
137438963749|2199023255742|hasCreator
137438963750|228|hasCreator
137438963752|228|hasCreator
137438963753|228|hasCreator
137438963754|2199023255689|hasCreator
137438963755|228|hasCreator
137438963756|2199023255689|hasCreator
137438963757|2199023255767|hasCreator
137438963758|2199023255689|hasCreator
137438963759|153|hasCreator
137438963760|2199023255633|hasCreator
137438963761|153|hasCreator
137438963762|246|hasCreator
137438963763|153|hasCreator
137438963764|2199023255574|hasCreator
137438963765|76|hasCreator
137438963766|153|hasCreator
206158440656|2199023255754|hasCreator
206158440657|4398046511123|hasCreator
206158440658|2199023255555|hasCreator
206158440659|2199023255674|hasCreator
206158440660|4398046511183|hasCreator
206158440661|2199023255674|hasCreator
206158440662|4398046511232|hasCreator
206158440663|4398046511205|hasCreator
206158440664|4398046511327|hasCreator
206158440665|2199023255711|hasCreator
206158440666|4398046511285|hasCreator
206158440667|4398046511123|hasCreator
206158440668|2199023255555|hasCreator
206158440669|4398046511123|hasCreator
206158440670|4398046511123|hasCreator
206158440671|143|hasCreator
206158440672|2199023255717|hasCreator
206158440673|246|hasCreator
343597394147|4398046511123|hasCreator
343597394148|4398046511232|hasCreator
68719487223|143|hasCreator
68719487224|143|hasCreator
68719487225|143|hasCreator
68719487226|143|hasCreator
68719487227|143|hasCreator
68719487228|143|hasCreator
68719487229|143|hasCreator
68719487230|143|hasCreator
68719487231|143|hasCreator
68719487232|143|hasCreator
68719487233|143|hasCreator
68719487234|143|hasCreator
68719487235|143|hasCreator
68719487236|143|hasCreator
68719487237|143|hasCreator
68719487256|246|hasCreator
68719487257|143|hasCreator
68719487258|2199023255555|hasCreator
68719487259|2199023255754|hasCreator
68719487260|2199023255754|hasCreator
68719487261|2199023255555|hasCreator
68719487262|195|hasCreator
68719487263|150|hasCreator
68719487264|2199023255754|hasCreator
68719487265|246|hasCreator
68719487266|143|hasCreator
68719487267|2199023255717|hasCreator
68719487268|246|hasCreator
68719487269|195|hasCreator
137438964007|195|hasCreator
274877917481|8796093022300|hasCreator
274877917482|2199023255713|hasCreator
274877917483|6597069766769|hasCreator
274877917484|4398046511205|hasCreator
274877917485|4398046511136|hasCreator
274877917486|6597069766692|hasCreator
274877917487|6597069766769|hasCreator
68719487281|195|hasCreator
68719487282|246|hasCreator
68719487283|2199023255754|hasCreator
68719487284|150|hasCreator
68719487285|2199023255717|hasCreator
68719487286|150|hasCreator
68719487287|246|hasCreator
68719487288|143|hasCreator
68719487289|195|hasCreator
68719487290|2199023255717|hasCreator
68719487291|246|hasCreator
68719487292|143|hasCreator
68719487293|2199023255754|hasCreator
68719487294|246|hasCreator
68719487295|2199023255754|hasCreator
68719487296|195|hasCreator
68719487297|2199023255754|hasCreator
68719487298|2199023255754|hasCreator
68719487299|143|hasCreator
68719487301|2199023255754|hasCreator
68719487302|246|hasCreator
68719487303|150|hasCreator
68719487304|246|hasCreator
68719487305|195|hasCreator
68719487306|143|hasCreator
68719487307|143|hasCreator
68719487308|2199023255754|hasCreator
68719487309|195|hasCreator
68719487310|150|hasCreator
68719487311|2199023255754|hasCreator
68719487312|2199023255754|hasCreator
68719487314|143|hasCreator
68719487315|150|hasCreator
68719487316|2199023255754|hasCreator
68719487317|2199023255717|hasCreator
68719487318|143|hasCreator
68719487319|150|hasCreator
68719487320|150|hasCreator
68719487321|2199023255754|hasCreator
68719487322|150|hasCreator
68719487323|143|hasCreator
68719487324|143|hasCreator
68719487325|2199023255555|hasCreator
68719487326|150|hasCreator
68719487327|195|hasCreator
68719487328|195|hasCreator
68719487329|2199023255754|hasCreator
68719487331|2199023255717|hasCreator
68719487332|2199023255754|hasCreator
68719487333|246|hasCreator
68719487334|143|hasCreator
68719487335|143|hasCreator
68719487336|150|hasCreator
68719487337|2199023255555|hasCreator
68719487338|2199023255754|hasCreator
68719487339|2199023255754|hasCreator
68719487340|143|hasCreator
68719487341|195|hasCreator
68719487342|150|hasCreator
68719487343|2199023255555|hasCreator
68719487344|150|hasCreator
68719487345|195|hasCreator
68719487346|246|hasCreator
68719487348|2199023255555|hasCreator
68719487349|246|hasCreator
68719487350|2199023255555|hasCreator
68719487351|143|hasCreator
68719487352|150|hasCreator
68719487353|2199023255717|hasCreator
68719487354|195|hasCreator
68719487355|2199023255717|hasCreator
68719487356|195|hasCreator
68719487357|2199023255555|hasCreator
68719487358|143|hasCreator
68719487360|2199023255555|hasCreator
68719487361|2199023255555|hasCreator
68719487362|143|hasCreator
68719487363|143|hasCreator
68719487364|246|hasCreator
68719487365|246|hasCreator
68719487366|246|hasCreator
68719487367|150|hasCreator
68719487368|2199023255555|hasCreator
68719487369|2199023255717|hasCreator
68719487370|150|hasCreator
68719487371|246|hasCreator
68719487372|150|hasCreator
68719487373|143|hasCreator
68719487374|2199023255754|hasCreator
68719487375|2199023255754|hasCreator
68719487376|2199023255754|hasCreator
274877917674|2199023255633|hasCreator
274877917675|4398046511274|hasCreator
274877917676|6597069766753|hasCreator
274877917677|4398046511274|hasCreator
274877917678|136|hasCreator
274877917679|4398046511220|hasCreator
274877917681|150|hasCreator
274877917682|4398046511333|hasCreator
274877917683|4398046511113|hasCreator
274877917684|4398046511274|hasCreator
274877917685|6597069766660|hasCreator
274877917703|4398046511146|hasCreator
274877917704|6597069766753|hasCreator
274877917705|4398046511220|hasCreator
274877917706|2199023255689|hasCreator
274877917707|136|hasCreator
274877917708|4398046511315|hasCreator
274877917709|6597069766753|hasCreator
274877917710|2199023255689|hasCreator
274877917711|4398046511220|hasCreator
274877917712|6597069766701|hasCreator
274877917713|4398046511220|hasCreator
274877917714|150|hasCreator
274877917715|4398046511146|hasCreator
274877917717|2199023255574|hasCreator
274877917718|6597069766775|hasCreator
274877917719|6597069766660|hasCreator
274877917720|4398046511274|hasCreator
274877917721|150|hasCreator
274877917722|4398046511220|hasCreator
274877917724|4398046511113|hasCreator
274877917725|150|hasCreator
274877917726|4398046511274|hasCreator
274877917727|6597069766701|hasCreator
274877917728|4398046511333|hasCreator
274877917729|2199023255616|hasCreator
343597394467|4398046511315|hasCreator
343597394468|6597069766831|hasCreator
343597394469|8796093022357|hasCreator
343597394470|6597069766707|hasCreator
343597394471|8796093022320|hasCreator
343597394472|4398046511220|hasCreator
343597394473|4398046511315|hasCreator
343597394474|2199023255633|hasCreator
343597394475|4398046511229|hasCreator
343597394476|4398046511220|hasCreator
343597394477|4398046511229|hasCreator
343597394478|2199023255621|hasCreator
343597394479|6597069766707|hasCreator
343597394480|6597069766831|hasCreator
343597394481|8796093022320|hasCreator
343597394482|8796093022357|hasCreator
343597394483|8796093022452|hasCreator
343597394484|2199023255621|hasCreator
343597394499|4398046511327|hasCreator
343597394500|4398046511229|hasCreator
343597394501|8796093022452|hasCreator
343597394502|4398046511327|hasCreator
274877917856|4398046511274|hasCreator
274877917857|4398046511274|hasCreator
274877917858|8796093022452|hasCreator
274877917859|2199023255574|hasCreator
274877917860|8796093022452|hasCreator
274877917861|4398046511274|hasCreator
274877917862|4398046511190|hasCreator
274877917863|8796093022220|hasCreator
274877917864|2199023255574|hasCreator
274877917865|2199023255574|hasCreator
274877917866|8796093022452|hasCreator
274877917867|4398046511190|hasCreator
274877917868|4398046511274|hasCreator
274877917869|4398046511190|hasCreator
274877917870|4398046511190|hasCreator
274877917959|2199023255756|hasCreator
274877917960|2199023255756|hasCreator
274877917961|136|hasCreator
137438964567|2199023255621|hasCreator
137438964568|2199023255621|hasCreator
137438964569|2199023255621|hasCreator
137438964570|2199023255621|hasCreator
137438964571|2199023255621|hasCreator
137438964572|2199023255621|hasCreator
137438964574|2199023255621|hasCreator
137438964575|2199023255621|hasCreator
137438964576|2199023255621|hasCreator
137438964577|2199023255621|hasCreator
137438964578|2199023255621|hasCreator
137438964579|2199023255621|hasCreator
137438964580|2199023255621|hasCreator
137438964582|2199023255621|hasCreator
137438964583|2199023255621|hasCreator
137438964584|2199023255621|hasCreator
137438964585|2199023255621|hasCreator
