:START_ID(Comment)|:END_ID(Place)|:TYPE
206158430246|60|isLocatedIn
206158430247|96|isLocatedIn
206158430248|60|isLocatedIn
206158430249|57|isLocatedIn
206158430250|60|isLocatedIn
206158430251|96|isLocatedIn
206158430252|60|isLocatedIn
206158430253|96|isLocatedIn
206158430254|60|isLocatedIn
206158430255|1|isLocatedIn
206158430256|1|isLocatedIn
206158430257|69|isLocatedIn
206158430258|69|isLocatedIn
206158430259|101|isLocatedIn
206158430260|1|isLocatedIn
206158430261|67|isLocatedIn
206158430262|29|isLocatedIn
206158430263|96|isLocatedIn
206158430264|1|isLocatedIn
206158430461|51|isLocatedIn
206158430462|1|isLocatedIn
206158430463|50|isLocatedIn
206158430464|50|isLocatedIn
206158430465|90|isLocatedIn
206158430466|90|isLocatedIn
206158430467|1|isLocatedIn
137438953980|106|isLocatedIn
137438953981|50|isLocatedIn
137438953982|50|isLocatedIn
137438953983|23|isLocatedIn
137438953984|50|isLocatedIn
137438953985|50|isLocatedIn
137438953986|105|isLocatedIn
137438953987|50|isLocatedIn
274877907622|52|isLocatedIn
274877907623|106|isLocatedIn
274877907624|106|isLocatedIn
274877907625|106|isLocatedIn
274877907626|106|isLocatedIn
274877907627|99|isLocatedIn
274877907628|52|isLocatedIn
274877907629|106|isLocatedIn
274877907630|106|isLocatedIn
274877907631|99|isLocatedIn
274877907632|106|isLocatedIn
274877907633|99|isLocatedIn
343597384588|84|isLocatedIn
343597384589|55|isLocatedIn
343597384590|79|isLocatedIn
343597384591|84|isLocatedIn
343597384592|55|isLocatedIn
343597384593|79|isLocatedIn
343597384594|48|isLocatedIn
343597384595|84|isLocatedIn
343597384596|0|isLocatedIn
343597384597|84|isLocatedIn
343597384598|0|isLocatedIn
343597384599|79|isLocatedIn
343597384600|84|isLocatedIn
343597384601|84|isLocatedIn
343597384602|55|isLocatedIn
343597384603|0|isLocatedIn
343597384604|78|isLocatedIn
343597384606|55|isLocatedIn
343597384607|75|isLocatedIn
343597384608|55|isLocatedIn
274877908004|1|isLocatedIn
274877908005|84|isLocatedIn
274877908006|96|isLocatedIn
274877908007|1|isLocatedIn
274877908008|96|isLocatedIn
274877908009|53|isLocatedIn
274877908010|28|isLocatedIn
274877908011|53|isLocatedIn
274877908012|84|isLocatedIn
274877908013|0|isLocatedIn
274877908014|1|isLocatedIn
343597384752|50|isLocatedIn
343597384753|50|isLocatedIn
343597384754|79|isLocatedIn
343597384755|101|isLocatedIn
343597384756|56|isLocatedIn
343597384757|50|isLocatedIn
343597384758|50|isLocatedIn
343597384759|50|isLocatedIn
343597384760|50|isLocatedIn
343597384761|0|isLocatedIn
343597384762|50|isLocatedIn
343597384763|56|isLocatedIn
343597384764|79|isLocatedIn
343597384765|56|isLocatedIn
343597384766|105|isLocatedIn
343597384767|0|isLocatedIn
343597384768|50|isLocatedIn
343597384769|50|isLocatedIn
343597384770|105|isLocatedIn
68719478301|78|isLocatedIn
68719478302|110|isLocatedIn
68719478303|78|isLocatedIn
68719478304|19|isLocatedIn
68719478305|78|isLocatedIn
68719478306|78|isLocatedIn
68719478400|78|isLocatedIn
68719478401|76|isLocatedIn
68719478402|76|isLocatedIn
68719478403|76|isLocatedIn
68719478404|84|isLocatedIn
68719478405|78|isLocatedIn
68719478406|76|isLocatedIn
68719478407|76|isLocatedIn
68719478408|76|isLocatedIn
68719478409|84|isLocatedIn
68719478410|78|isLocatedIn
68719478411|84|isLocatedIn
68719478413|78|isLocatedIn
68719478414|78|isLocatedIn
68719478415|78|isLocatedIn
68719478416|78|isLocatedIn
68719478417|78|isLocatedIn
68719478418|78|isLocatedIn
68719478419|78|isLocatedIn
206158431893|76|isLocatedIn
206158431894|106|isLocatedIn
206158431895|60|isLocatedIn
206158431896|78|isLocatedIn
206158431897|84|isLocatedIn
206158431898|106|isLocatedIn
206158431899|78|isLocatedIn
206158431900|88|isLocatedIn
206158431901|50|isLocatedIn
206158431902|84|isLocatedIn
206158431903|88|isLocatedIn
206158431904|76|isLocatedIn
206158431905|76|isLocatedIn
206158431906|81|isLocatedIn
206158431907|50|isLocatedIn
206158431908|106|isLocatedIn
206158431909|84|isLocatedIn
68719478439|78|isLocatedIn
68719478440|106|isLocatedIn
68719478442|76|isLocatedIn
68719478443|84|isLocatedIn
68719478444|106|isLocatedIn
68719478445|76|isLocatedIn
68719478446|88|isLocatedIn
68719478447|78|isLocatedIn
68719478448|84|isLocatedIn
68719478449|84|isLocatedIn
68719478450|88|isLocatedIn
68719478451|106|isLocatedIn
68719478452|78|isLocatedIn
68719478454|76|isLocatedIn
68719478455|98|isLocatedIn
68719478456|76|isLocatedIn
68719478457|76|isLocatedIn
68719478458|76|isLocatedIn
68719478459|76|isLocatedIn
68719478460|98|isLocatedIn
68719478461|76|isLocatedIn
68719478462|98|isLocatedIn
68719478463|98|isLocatedIn
68719478464|98|isLocatedIn
68719478465|76|isLocatedIn
68719478466|76|isLocatedIn
68719478467|98|isLocatedIn
68719478468|98|isLocatedIn
68719478837|50|isLocatedIn
68719478838|50|isLocatedIn
68719478839|50|isLocatedIn
68719478840|50|isLocatedIn
68719478841|78|isLocatedIn
68719478842|44|isLocatedIn
68719478843|78|isLocatedIn
68719478844|78|isLocatedIn
68719478845|50|isLocatedIn
68719478846|78|isLocatedIn
68719478847|50|isLocatedIn
68719478848|78|isLocatedIn
68719478849|50|isLocatedIn
68719478850|50|isLocatedIn
68719478906|78|isLocatedIn
68719478907|78|isLocatedIn
68719478908|78|isLocatedIn
68719478909|0|isLocatedIn
68719478910|0|isLocatedIn
68719478911|53|isLocatedIn
68719478912|78|isLocatedIn
68719478913|53|isLocatedIn
274877909123|85|isLocatedIn
274877909124|70|isLocatedIn
274877909125|85|isLocatedIn
274877909126|0|isLocatedIn
274877909127|53|isLocatedIn
274877909128|23|isLocatedIn
274877909129|51|isLocatedIn
274877909130|0|isLocatedIn
274877909131|82|isLocatedIn
274877909132|1|isLocatedIn
274877909133|0|isLocatedIn
274877909134|99|isLocatedIn
274877909135|0|isLocatedIn
274877909136|70|isLocatedIn
274877909137|1|isLocatedIn
274877909139|77|isLocatedIn
274877909140|51|isLocatedIn
274877909141|4|isLocatedIn
274877909142|77|isLocatedIn
274877909143|51|isLocatedIn
274877909144|0|isLocatedIn
274877909145|78|isLocatedIn
274877909146|0|isLocatedIn
343597385884|1|isLocatedIn
343597385885|55|isLocatedIn
343597385886|0|isLocatedIn
343597385887|85|isLocatedIn
343597385888|54|isLocatedIn
343597385889|78|isLocatedIn
343597385890|85|isLocatedIn
343597385891|1|isLocatedIn
274877909158|0|isLocatedIn
274877909159|56|isLocatedIn
274877909160|1|isLocatedIn
274877909161|78|isLocatedIn
274877909162|0|isLocatedIn
274877909163|82|isLocatedIn
274877909164|1|isLocatedIn
274877909165|54|isLocatedIn
274877909166|0|isLocatedIn
274877909167|55|isLocatedIn
274877909168|56|isLocatedIn
274877909169|54|isLocatedIn
274877909170|99|isLocatedIn
274877909172|1|isLocatedIn
274877909173|47|isLocatedIn
274877909174|51|isLocatedIn
274877909175|55|isLocatedIn
274877909176|53|isLocatedIn
274877909177|55|isLocatedIn
274877909178|51|isLocatedIn
274877909179|85|isLocatedIn
274877909180|82|isLocatedIn
274877909181|1|isLocatedIn
274877909182|0|isLocatedIn
274877909183|0|isLocatedIn
274877909184|4|isLocatedIn
274877909185|1|isLocatedIn
274877909186|0|isLocatedIn
274877909187|99|isLocatedIn
274877909189|99|isLocatedIn
274877909190|0|isLocatedIn
274877909191|1|isLocatedIn
274877909192|0|isLocatedIn
274877909193|54|isLocatedIn
274877909194|0|isLocatedIn
274877909195|1|isLocatedIn
274877909196|23|isLocatedIn
274877909198|23|isLocatedIn
274877909199|99|isLocatedIn
274877909200|0|isLocatedIn
274877909201|0|isLocatedIn
274877909202|51|isLocatedIn
274877909203|53|isLocatedIn
274877909205|54|isLocatedIn
274877909206|56|isLocatedIn
206158432666|58|isLocatedIn
206158432667|1|isLocatedIn
206158432668|88|isLocatedIn
206158432669|88|isLocatedIn
206158432670|1|isLocatedIn
206158432671|88|isLocatedIn
206158432672|1|isLocatedIn
206158432673|0|isLocatedIn
206158432674|58|isLocatedIn
274877909515|105|isLocatedIn
274877909516|78|isLocatedIn
206158432783|31|isLocatedIn
206158432784|50|isLocatedIn
206158432785|109|isLocatedIn
206158432786|92|isLocatedIn
206158432787|106|isLocatedIn
206158432788|52|isLocatedIn
206158432789|50|isLocatedIn
206158432790|109|isLocatedIn
206158432791|78|isLocatedIn
206158432792|96|isLocatedIn
206158432793|0|isLocatedIn
206158432794|96|isLocatedIn
206158432795|53|isLocatedIn
206158432796|50|isLocatedIn
206158432797|98|isLocatedIn
206158432798|50|isLocatedIn
206158432799|106|isLocatedIn
206158432800|0|isLocatedIn
206158432801|0|isLocatedIn
206158432802|99|isLocatedIn
274877909540|0|isLocatedIn
274877909541|0|isLocatedIn
274877909542|1|isLocatedIn
274877909543|0|isLocatedIn
274877909544|0|isLocatedIn
274877909545|0|isLocatedIn
274877909546|0|isLocatedIn
274877909547|0|isLocatedIn
274877909548|50|isLocatedIn
274877909549|0|isLocatedIn
274877909550|0|isLocatedIn
274877909551|21|isLocatedIn
274877909552|0|isLocatedIn
274877909553|50|isLocatedIn
274877909554|0|isLocatedIn
343597386292|56|isLocatedIn
343597386293|50|isLocatedIn
343597386294|48|isLocatedIn
343597386295|1|isLocatedIn
343597386296|1|isLocatedIn
343597386297|1|isLocatedIn
206158432837|23|isLocatedIn
206158432838|13|isLocatedIn
206158432839|52|isLocatedIn
206158432840|25|isLocatedIn
206158432841|81|isLocatedIn
206158432842|56|isLocatedIn
206158432843|0|isLocatedIn
206158432844|56|isLocatedIn
206158432845|52|isLocatedIn
206158432846|56|isLocatedIn
206158432847|88|isLocatedIn
206158432848|52|isLocatedIn
206158432849|50|isLocatedIn
274877909587|0|isLocatedIn
274877909588|81|isLocatedIn
274877909589|50|isLocatedIn
274877909590|25|isLocatedIn
274877909591|96|isLocatedIn
274877909592|105|isLocatedIn
274877909593|0|isLocatedIn
274877909594|96|isLocatedIn
274877909595|48|isLocatedIn
274877909596|59|isLocatedIn
274877909597|50|isLocatedIn
274877909598|0|isLocatedIn
274877909599|86|isLocatedIn
274877909600|1|isLocatedIn
274877909601|88|isLocatedIn
68719479395|98|isLocatedIn
68719479396|98|isLocatedIn
68719479397|105|isLocatedIn
68719479398|0|isLocatedIn
68719479399|105|isLocatedIn
68719479400|1|isLocatedIn
68719479401|52|isLocatedIn
68719479402|0|isLocatedIn
68719479403|0|isLocatedIn
68719479404|52|isLocatedIn
68719479405|1|isLocatedIn
68719479406|105|isLocatedIn
68719479407|98|isLocatedIn
68719479408|0|isLocatedIn
68719479409|78|isLocatedIn
206158432883|56|isLocatedIn
206158432884|16|isLocatedIn
206158432885|23|isLocatedIn
206158432886|59|isLocatedIn
206158432887|1|isLocatedIn
206158432888|52|isLocatedIn
206158432889|56|isLocatedIn
206158432890|59|isLocatedIn
343597386554|1|isLocatedIn
343597386555|0|isLocatedIn
343597386556|0|isLocatedIn
343597386557|57|isLocatedIn
343597386558|0|isLocatedIn
343597386559|0|isLocatedIn
343597386560|0|isLocatedIn
343597386561|0|isLocatedIn
343597386562|0|isLocatedIn
343597386563|0|isLocatedIn
343597386564|0|isLocatedIn
343597386565|57|isLocatedIn
343597386566|78|isLocatedIn
343597386567|0|isLocatedIn
343597386569|0|isLocatedIn
343597386570|0|isLocatedIn
343597386571|59|isLocatedIn
343597386572|1|isLocatedIn
343597386573|0|isLocatedIn
274877909839|0|isLocatedIn
274877909840|57|isLocatedIn
274877909841|1|isLocatedIn
274877909842|0|isLocatedIn
274877909843|0|isLocatedIn
274877909844|0|isLocatedIn
274877909845|0|isLocatedIn
274877909846|57|isLocatedIn
274877909847|0|isLocatedIn
274877909848|57|isLocatedIn
274877909849|0|isLocatedIn
274877909850|0|isLocatedIn
274877909851|0|isLocatedIn
274877909852|59|isLocatedIn
274877909853|1|isLocatedIn
274877909854|1|isLocatedIn
274877909855|59|isLocatedIn
274877909856|57|isLocatedIn
274877909858|0|isLocatedIn
274877909859|0|isLocatedIn
274877909920|78|isLocatedIn
274877909921|1|isLocatedIn
274877909922|99|isLocatedIn
274877909923|58|isLocatedIn
274877909925|98|isLocatedIn
274877909926|58|isLocatedIn
274877909927|99|isLocatedIn
274877909928|55|isLocatedIn
274877909929|78|isLocatedIn
206158433195|1|isLocatedIn
206158433196|59|isLocatedIn
206158433197|1|isLocatedIn
206158433198|0|isLocatedIn
206158433199|1|isLocatedIn
206158433200|0|isLocatedIn
206158433201|0|isLocatedIn
206158433202|99|isLocatedIn
206158433203|0|isLocatedIn
206158433204|99|isLocatedIn
206158433205|0|isLocatedIn
206158433206|1|isLocatedIn
274877909944|1|isLocatedIn
274877909945|0|isLocatedIn
274877909946|0|isLocatedIn
274877909947|49|isLocatedIn
274877909948|59|isLocatedIn
274877909949|99|isLocatedIn
274877909950|1|isLocatedIn
274877909951|49|isLocatedIn
274877909952|0|isLocatedIn
206158433353|0|isLocatedIn
206158433354|99|isLocatedIn
206158433355|99|isLocatedIn
206158433356|99|isLocatedIn
206158433358|99|isLocatedIn
206158433359|100|isLocatedIn
206158433360|99|isLocatedIn
206158433361|0|isLocatedIn
206158433362|99|isLocatedIn
206158433363|99|isLocatedIn
206158433364|86|isLocatedIn
206158433365|86|isLocatedIn
206158433366|0|isLocatedIn
206158433367|86|isLocatedIn
206158433368|100|isLocatedIn
206158433369|99|isLocatedIn
343597386843|58|isLocatedIn
274877910109|99|isLocatedIn
274877910110|86|isLocatedIn
274877910112|58|isLocatedIn
274877910113|0|isLocatedIn
274877910114|0|isLocatedIn
274877910115|0|isLocatedIn
274877910117|0|isLocatedIn
274877910118|99|isLocatedIn
274877910119|82|isLocatedIn
274877910120|82|isLocatedIn
274877910121|59|isLocatedIn
274877910122|0|isLocatedIn
274877910123|58|isLocatedIn
274877910124|0|isLocatedIn
274877910125|0|isLocatedIn
274877910126|43|isLocatedIn
274877910127|0|isLocatedIn
274877910128|59|isLocatedIn
274877910129|82|isLocatedIn
274877910130|100|isLocatedIn
274877910131|100|isLocatedIn
274877910133|54|isLocatedIn
274877910134|99|isLocatedIn
274877910135|61|isLocatedIn
274877910136|0|isLocatedIn
274877910137|0|isLocatedIn
274877910138|78|isLocatedIn
274877910139|21|isLocatedIn
274877910141|100|isLocatedIn
274877910142|59|isLocatedIn
274877910143|0|isLocatedIn
274877910144|0|isLocatedIn
274877910145|0|isLocatedIn
274877910146|1|isLocatedIn
274877910147|0|isLocatedIn
274877910148|99|isLocatedIn
274877910149|59|isLocatedIn
274877910150|82|isLocatedIn
274877910151|0|isLocatedIn
274877910152|58|isLocatedIn
274877910153|82|isLocatedIn
274877910155|0|isLocatedIn
343597387172|55|isLocatedIn
343597387173|82|isLocatedIn
343597387174|57|isLocatedIn
206158433704|57|isLocatedIn
206158433705|57|isLocatedIn
206158433706|64|isLocatedIn
206158433707|105|isLocatedIn
206158433708|64|isLocatedIn
206158433709|105|isLocatedIn
206158433710|53|isLocatedIn
206158433711|1|isLocatedIn
206158433712|53|isLocatedIn
206158433713|99|isLocatedIn
206158433714|89|isLocatedIn
206158433715|78|isLocatedIn
206158433716|76|isLocatedIn
206158433717|0|isLocatedIn
206158433719|23|isLocatedIn
206158433720|53|isLocatedIn
274877910459|53|isLocatedIn
274877910460|99|isLocatedIn
206158433726|76|isLocatedIn
206158433727|78|isLocatedIn
206158433728|84|isLocatedIn
206158433729|53|isLocatedIn
206158433730|89|isLocatedIn
206158433731|64|isLocatedIn
206158433732|84|isLocatedIn
206158433733|106|isLocatedIn
206158433734|105|isLocatedIn
206158433735|1|isLocatedIn
206158433736|1|isLocatedIn
206158433737|101|isLocatedIn
206158433738|101|isLocatedIn
206158433739|66|isLocatedIn
274877910477|57|isLocatedIn
274877910478|23|isLocatedIn
274877910479|48|isLocatedIn
274877910480|105|isLocatedIn
274877910481|84|isLocatedIn
206158433747|84|isLocatedIn
206158433748|23|isLocatedIn
206158433749|23|isLocatedIn
206158433750|76|isLocatedIn
206158433751|76|isLocatedIn
206158433752|23|isLocatedIn
206158433753|53|isLocatedIn
206158433754|99|isLocatedIn
206158433755|53|isLocatedIn
206158433756|76|isLocatedIn
206158433757|84|isLocatedIn
206158433758|76|isLocatedIn
206158433759|53|isLocatedIn
206158433760|20|isLocatedIn
206158433761|53|isLocatedIn
206158433762|1|isLocatedIn
206158433763|99|isLocatedIn
206158433764|76|isLocatedIn
206158433765|53|isLocatedIn
206158433766|70|isLocatedIn
206158433768|23|isLocatedIn
206158433769|84|isLocatedIn
206158433770|64|isLocatedIn
206158433771|1|isLocatedIn
206158433772|84|isLocatedIn
206158433774|76|isLocatedIn
137438957039|84|isLocatedIn
206158433776|76|isLocatedIn
274877910541|4|isLocatedIn
274877910542|0|isLocatedIn
274877910543|4|isLocatedIn
274877910544|60|isLocatedIn
274877910546|4|isLocatedIn
274877910547|0|isLocatedIn
274877910549|0|isLocatedIn
274877910550|1|isLocatedIn
274877910551|1|isLocatedIn
274877910552|0|isLocatedIn
274877910553|1|isLocatedIn
274877910554|1|isLocatedIn
274877910555|1|isLocatedIn
343597387659|4|isLocatedIn
343597387660|96|isLocatedIn
343597387661|55|isLocatedIn
343597387662|96|isLocatedIn
343597387663|88|isLocatedIn
343597387664|66|isLocatedIn
343597387665|82|isLocatedIn
343597387666|25|isLocatedIn
343597387667|50|isLocatedIn
343597387668|52|isLocatedIn
343597387669|0|isLocatedIn
343597387670|55|isLocatedIn
343597387671|47|isLocatedIn
274877910938|4|isLocatedIn
274877910939|66|isLocatedIn
274877910940|4|isLocatedIn
274877910941|4|isLocatedIn
274877910942|55|isLocatedIn
274877910943|88|isLocatedIn
274877910944|96|isLocatedIn
274877910945|82|isLocatedIn
274877910946|93|isLocatedIn
343597387794|56|isLocatedIn
343597387795|85|isLocatedIn
343597387796|0|isLocatedIn
343597387797|56|isLocatedIn
343597387798|50|isLocatedIn
343597387799|0|isLocatedIn
343597387800|1|isLocatedIn
343597387801|50|isLocatedIn
343597387802|50|isLocatedIn
343597387803|50|isLocatedIn
343597387804|0|isLocatedIn
343597387805|105|isLocatedIn
343597387806|85|isLocatedIn
343597387807|50|isLocatedIn
343597387808|50|isLocatedIn
343597387809|0|isLocatedIn
343597387810|85|isLocatedIn
343597387811|50|isLocatedIn
274877911077|105|isLocatedIn
206158434343|1|isLocatedIn
274877911196|99|isLocatedIn
274877911197|25|isLocatedIn
274877911198|106|isLocatedIn
274877911199|99|isLocatedIn
274877911200|106|isLocatedIn
274877911201|99|isLocatedIn
274877911202|25|isLocatedIn
274877911203|106|isLocatedIn
274877911204|48|isLocatedIn
274877911205|48|isLocatedIn
274877911206|99|isLocatedIn
274877911207|99|isLocatedIn
274877911665|56|isLocatedIn
274877911666|58|isLocatedIn
274877911667|1|isLocatedIn
274877911668|0|isLocatedIn
274877911669|74|isLocatedIn
274877911670|56|isLocatedIn
274877911671|106|isLocatedIn
274877911672|58|isLocatedIn
274877911673|0|isLocatedIn
274877911674|50|isLocatedIn
274877911675|0|isLocatedIn
274877911676|105|isLocatedIn
274877911677|0|isLocatedIn
274877911678|56|isLocatedIn
274877911679|97|isLocatedIn
274877911680|97|isLocatedIn
274877911681|0|isLocatedIn
274877911682|0|isLocatedIn
274877911683|1|isLocatedIn
274877911684|56|isLocatedIn
343597388711|78|isLocatedIn
343597388712|91|isLocatedIn
343597388713|78|isLocatedIn
343597388714|80|isLocatedIn
343597388715|78|isLocatedIn
343597388716|78|isLocatedIn
343597388717|78|isLocatedIn
343597388718|52|isLocatedIn
343597388719|89|isLocatedIn
343597388720|105|isLocatedIn
343597388721|52|isLocatedIn
343597388722|105|isLocatedIn
274877911988|105|isLocatedIn
274877911989|48|isLocatedIn
274877911990|60|isLocatedIn
274877911991|84|isLocatedIn
274877911992|1|isLocatedIn
274877911993|101|isLocatedIn
274877911994|82|isLocatedIn
274877911996|101|isLocatedIn
274877911997|82|isLocatedIn
274877911998|79|isLocatedIn
274877911999|99|isLocatedIn
274877912000|105|isLocatedIn
274877912001|106|isLocatedIn
274877912002|79|isLocatedIn
274877912003|56|isLocatedIn
274877912004|72|isLocatedIn
274877912005|1|isLocatedIn
274877912006|107|isLocatedIn
274877912007|59|isLocatedIn
274877912008|105|isLocatedIn
274877912009|72|isLocatedIn
68719481804|82|isLocatedIn
68719481805|56|isLocatedIn
68719481806|105|isLocatedIn
68719481807|59|isLocatedIn
68719481808|96|isLocatedIn
68719481809|82|isLocatedIn
68719481810|96|isLocatedIn
68719481811|106|isLocatedIn
68719481812|105|isLocatedIn
68719481813|50|isLocatedIn
68719481814|84|isLocatedIn
68719481815|106|isLocatedIn
68719481816|84|isLocatedIn
68719481817|84|isLocatedIn
68719481819|84|isLocatedIn
68719481820|56|isLocatedIn
68719481821|56|isLocatedIn
68719481822|56|isLocatedIn
68719481823|82|isLocatedIn
68719481824|105|isLocatedIn
68719481825|56|isLocatedIn
68719481826|0|isLocatedIn
137438958564|84|isLocatedIn
137438958565|50|isLocatedIn
137438958566|78|isLocatedIn
137438958567|59|isLocatedIn
137438958568|50|isLocatedIn
137438958569|84|isLocatedIn
137438958570|96|isLocatedIn
137438958571|105|isLocatedIn
137438958572|33|isLocatedIn
137438958573|50|isLocatedIn
137438958574|50|isLocatedIn
137438958575|105|isLocatedIn
137438958576|106|isLocatedIn
137438958577|106|isLocatedIn
137438958578|50|isLocatedIn
137438958579|56|isLocatedIn
5109|82|isLocatedIn
5110|84|isLocatedIn
5111|105|isLocatedIn
5112|84|isLocatedIn
5113|105|isLocatedIn
5114|105|isLocatedIn
5115|82|isLocatedIn
5116|105|isLocatedIn
5117|82|isLocatedIn
5118|105|isLocatedIn
5119|84|isLocatedIn
5120|105|isLocatedIn
5121|84|isLocatedIn
5122|105|isLocatedIn
5123|82|isLocatedIn
5124|105|isLocatedIn
5125|105|isLocatedIn
343597388807|106|isLocatedIn
343597388808|60|isLocatedIn
343597388809|60|isLocatedIn
343597388810|96|isLocatedIn
343597388811|101|isLocatedIn
343597388812|52|isLocatedIn
137438958606|50|isLocatedIn
137438958607|50|isLocatedIn
206158435345|56|isLocatedIn
206158435347|78|isLocatedIn
206158435348|0|isLocatedIn
206158435349|106|isLocatedIn
206158435350|4|isLocatedIn
206158435351|106|isLocatedIn
206158435352|106|isLocatedIn
206158435353|99|isLocatedIn
206158435354|84|isLocatedIn
206158435356|56|isLocatedIn
206158435357|78|isLocatedIn
206158435358|50|isLocatedIn
206158435359|56|isLocatedIn
206158435360|56|isLocatedIn
206158435361|106|isLocatedIn
206158435362|59|isLocatedIn
206158435363|78|isLocatedIn
206158435364|84|isLocatedIn
206158435365|50|isLocatedIn
68719481895|0|isLocatedIn
68719481896|84|isLocatedIn
68719481897|96|isLocatedIn
68719481898|0|isLocatedIn
68719481899|84|isLocatedIn
68719481900|0|isLocatedIn
68719481901|82|isLocatedIn
68719481902|105|isLocatedIn
68719481903|84|isLocatedIn
274877912113|105|isLocatedIn
274877912114|99|isLocatedIn
274877912115|105|isLocatedIn
274877912116|0|isLocatedIn
274877912117|4|isLocatedIn
274877912119|48|isLocatedIn
274877912120|59|isLocatedIn
274877912122|1|isLocatedIn
274877912123|82|isLocatedIn
274877912124|60|isLocatedIn
274877912125|105|isLocatedIn
343597388862|50|isLocatedIn
274877912127|50|isLocatedIn
274877912128|50|isLocatedIn
343597388865|55|isLocatedIn
343597388866|84|isLocatedIn
274877912131|96|isLocatedIn
274877912132|55|isLocatedIn
343597388869|48|isLocatedIn
274877912134|82|isLocatedIn
343597388871|60|isLocatedIn
274877912136|0|isLocatedIn
274877912137|50|isLocatedIn
343597388874|50|isLocatedIn
274877912140|50|isLocatedIn
274877912141|56|isLocatedIn
274877912142|99|isLocatedIn
274877912143|96|isLocatedIn
274877912144|48|isLocatedIn
274877912145|60|isLocatedIn
274877912146|0|isLocatedIn
274877912147|50|isLocatedIn
274877912148|84|isLocatedIn
274877912149|72|isLocatedIn
274877912150|48|isLocatedIn
274877912151|0|isLocatedIn
274877912152|56|isLocatedIn
274877912153|78|isLocatedIn
274877912154|50|isLocatedIn
274877912155|106|isLocatedIn
274877912156|60|isLocatedIn
274877912157|59|isLocatedIn
274877912226|81|isLocatedIn
274877912227|1|isLocatedIn
274877912228|81|isLocatedIn
274877912229|60|isLocatedIn
274877912230|60|isLocatedIn
274877912231|1|isLocatedIn
274877912232|55|isLocatedIn
274877912233|50|isLocatedIn
274877912234|55|isLocatedIn
274877912235|1|isLocatedIn
274877912236|105|isLocatedIn
274877912237|25|isLocatedIn
274877912238|25|isLocatedIn
274877912239|55|isLocatedIn
274877912240|55|isLocatedIn
274877912241|50|isLocatedIn
274877912243|1|isLocatedIn
274877912245|60|isLocatedIn
274877912246|81|isLocatedIn
274877912247|0|isLocatedIn
274877912248|25|isLocatedIn
274877912249|1|isLocatedIn
274877912250|0|isLocatedIn
274877912251|1|isLocatedIn
274877912252|94|isLocatedIn
274877912253|55|isLocatedIn
274877912255|55|isLocatedIn
274877912256|60|isLocatedIn
274877912257|0|isLocatedIn
274877912258|0|isLocatedIn
274877912259|60|isLocatedIn
274877912260|1|isLocatedIn
274877912261|0|isLocatedIn
274877912262|0|isLocatedIn
274877912263|60|isLocatedIn
274877912264|81|isLocatedIn
274877912265|0|isLocatedIn
274877912266|81|isLocatedIn
274877912267|55|isLocatedIn
274877912268|1|isLocatedIn
274877912269|1|isLocatedIn
274877912270|0|isLocatedIn
274877912271|60|isLocatedIn
274877912272|55|isLocatedIn
274877912273|0|isLocatedIn
206158435625|53|isLocatedIn
206158435626|0|isLocatedIn
206158435627|109|isLocatedIn
206158435628|53|isLocatedIn
206158435629|0|isLocatedIn
206158435630|53|isLocatedIn
206158435631|96|isLocatedIn
206158435632|53|isLocatedIn
206158435633|96|isLocatedIn
206158435634|99|isLocatedIn
206158435635|50|isLocatedIn
206158435636|109|isLocatedIn
206158435637|0|isLocatedIn
206158435638|53|isLocatedIn
206158435639|99|isLocatedIn
206158435640|96|isLocatedIn
206158435641|50|isLocatedIn
206158435642|0|isLocatedIn
343597389192|103|isLocatedIn
343597389193|72|isLocatedIn
343597389194|56|isLocatedIn
343597389195|92|isLocatedIn
343597389196|0|isLocatedIn
343597389197|94|isLocatedIn
343597389198|56|isLocatedIn
206158435801|53|isLocatedIn
206158435802|1|isLocatedIn
206158435803|1|isLocatedIn
206158435804|0|isLocatedIn
206158435805|0|isLocatedIn
206158435806|4|isLocatedIn
206158435807|0|isLocatedIn
206158435808|9|isLocatedIn
206158435809|77|isLocatedIn
206158435810|0|isLocatedIn
206158435811|0|isLocatedIn
137438959077|65|isLocatedIn
137438959078|49|isLocatedIn
137438959079|49|isLocatedIn
137438959080|1|isLocatedIn
137438959081|106|isLocatedIn
137438959082|1|isLocatedIn
137438959083|49|isLocatedIn
137438959084|98|isLocatedIn
137438959085|98|isLocatedIn
137438959086|88|isLocatedIn
137438959087|106|isLocatedIn
206158435825|65|isLocatedIn
206158435826|93|isLocatedIn
206158435827|0|isLocatedIn
206158435828|53|isLocatedIn
206158435829|1|isLocatedIn
206158435830|106|isLocatedIn
206158435832|1|isLocatedIn
206158435833|1|isLocatedIn
206158435834|1|isLocatedIn
343597389399|1|isLocatedIn
343597389400|1|isLocatedIn
343597389401|88|isLocatedIn
343597389402|76|isLocatedIn
343597389403|82|isLocatedIn
274877912735|65|isLocatedIn
274877912736|65|isLocatedIn
274877912737|53|isLocatedIn
274877912738|1|isLocatedIn
274877912739|106|isLocatedIn
274877912740|106|isLocatedIn
274877912741|1|isLocatedIn
274877912742|1|isLocatedIn
274877912743|82|isLocatedIn
274877912744|65|isLocatedIn
274877912751|51|isLocatedIn
274877912752|51|isLocatedIn
274877912753|1|isLocatedIn
274877912754|65|isLocatedIn
274877912755|51|isLocatedIn
274877912756|65|isLocatedIn
274877912757|65|isLocatedIn
274877912758|1|isLocatedIn
274877912759|1|isLocatedIn
274877912760|82|isLocatedIn
274877912761|82|isLocatedIn
274877912762|65|isLocatedIn
274877912763|51|isLocatedIn
274877912764|82|isLocatedIn
274877912765|1|isLocatedIn
274877912766|51|isLocatedIn
274877912767|51|isLocatedIn
274877912768|82|isLocatedIn
137438959320|1|isLocatedIn
137438959321|1|isLocatedIn
137438959322|1|isLocatedIn
137438959323|5|isLocatedIn
137438959324|1|isLocatedIn
137438959325|1|isLocatedIn
137438959326|1|isLocatedIn
137438959327|1|isLocatedIn
137438959328|1|isLocatedIn
343597390006|101|isLocatedIn
343597390007|82|isLocatedIn
343597390008|50|isLocatedIn
343597390009|101|isLocatedIn
343597390010|48|isLocatedIn
343597390011|52|isLocatedIn
343597390012|1|isLocatedIn
343597390013|54|isLocatedIn
274877913500|0|isLocatedIn
274877913501|0|isLocatedIn
274877913502|0|isLocatedIn
274877913503|0|isLocatedIn
274877913504|88|isLocatedIn
274877913505|0|isLocatedIn
274877913506|1|isLocatedIn
274877913507|0|isLocatedIn
343597390256|50|isLocatedIn
274877913522|78|isLocatedIn
274877913523|4|isLocatedIn
274877913524|50|isLocatedIn
274877913525|50|isLocatedIn
274877913526|50|isLocatedIn
274877913527|59|isLocatedIn
274877913528|50|isLocatedIn
274877913529|50|isLocatedIn
274877913530|78|isLocatedIn
274877913531|78|isLocatedIn
274877913532|50|isLocatedIn
274877913533|50|isLocatedIn
274877913534|0|isLocatedIn
68719483328|78|isLocatedIn
68719483329|78|isLocatedIn
68719483330|78|isLocatedIn
68719483331|78|isLocatedIn
68719483332|78|isLocatedIn
68719483333|78|isLocatedIn
68719483334|78|isLocatedIn
68719483335|78|isLocatedIn
68719483336|78|isLocatedIn
68719483337|78|isLocatedIn
68719483338|78|isLocatedIn
68719483339|78|isLocatedIn
68719483340|78|isLocatedIn
68719483341|78|isLocatedIn
68719483344|78|isLocatedIn
68719483345|78|isLocatedIn
68719483346|78|isLocatedIn
68719483347|78|isLocatedIn
68719483348|78|isLocatedIn
68719483349|78|isLocatedIn
68719483350|78|isLocatedIn
68719483351|78|isLocatedIn
68719483352|78|isLocatedIn
68719483353|78|isLocatedIn
68719483354|78|isLocatedIn
68719483355|78|isLocatedIn
68719483356|78|isLocatedIn
68719483357|78|isLocatedIn
68719483358|78|isLocatedIn
68719483359|78|isLocatedIn
68719483360|78|isLocatedIn
68719483361|78|isLocatedIn
68719483362|78|isLocatedIn
68719483363|78|isLocatedIn
343597390435|50|isLocatedIn
343597390436|56|isLocatedIn
343597390437|1|isLocatedIn
343597390438|28|isLocatedIn
343597390439|0|isLocatedIn
343597390440|1|isLocatedIn
343597390441|64|isLocatedIn
343597390442|1|isLocatedIn
343597390443|56|isLocatedIn
343597390444|1|isLocatedIn
343597390445|4|isLocatedIn
343597390446|0|isLocatedIn
343597390447|0|isLocatedIn
343597390448|0|isLocatedIn
343597390449|101|isLocatedIn
343597390500|56|isLocatedIn
343597390501|96|isLocatedIn
343597390502|85|isLocatedIn
343597390503|0|isLocatedIn
343597390504|0|isLocatedIn
343597390505|1|isLocatedIn
343597390506|50|isLocatedIn
343597390507|49|isLocatedIn
343597390508|58|isLocatedIn
343597390509|99|isLocatedIn
343597390510|49|isLocatedIn
343597390511|4|isLocatedIn
343597390512|56|isLocatedIn
343597390513|1|isLocatedIn
343597390514|93|isLocatedIn
343597390515|56|isLocatedIn
343597390516|107|isLocatedIn
343597390517|49|isLocatedIn
343597390518|48|isLocatedIn
343597390519|58|isLocatedIn
274877913785|0|isLocatedIn
274877913786|56|isLocatedIn
274877913787|105|isLocatedIn
274877913788|57|isLocatedIn
274877913789|59|isLocatedIn
274877913790|0|isLocatedIn
274877913791|106|isLocatedIn
274877913792|85|isLocatedIn
274877913793|0|isLocatedIn
274877913794|110|isLocatedIn
274877913795|70|isLocatedIn
274877913796|0|isLocatedIn
274877913797|54|isLocatedIn
274877913798|87|isLocatedIn
274877913799|105|isLocatedIn
274877913800|50|isLocatedIn
274877913801|105|isLocatedIn
274877913802|105|isLocatedIn
274877913803|0|isLocatedIn
274877913804|58|isLocatedIn
274877913864|4|isLocatedIn
274877913865|50|isLocatedIn
274877913866|50|isLocatedIn
274877913867|58|isLocatedIn
274877913869|28|isLocatedIn
274877913870|1|isLocatedIn
274877913871|0|isLocatedIn
274877913872|105|isLocatedIn
274877913873|0|isLocatedIn
274877913874|56|isLocatedIn
274877913875|0|isLocatedIn
274877913876|59|isLocatedIn
274877913877|28|isLocatedIn
274877913878|55|isLocatedIn
274877913879|50|isLocatedIn
274877913880|58|isLocatedIn
274877913881|99|isLocatedIn
274877913882|1|isLocatedIn
343597390681|64|isLocatedIn
343597390682|0|isLocatedIn
343597390683|81|isLocatedIn
343597390684|85|isLocatedIn
343597390685|1|isLocatedIn
343597390686|1|isLocatedIn
343597390687|0|isLocatedIn
343597390688|58|isLocatedIn
343597390689|1|isLocatedIn
343597390690|99|isLocatedIn
343597390691|56|isLocatedIn
343597390692|0|isLocatedIn
343597390693|1|isLocatedIn
343597390694|96|isLocatedIn
343597390695|59|isLocatedIn
343597390696|59|isLocatedIn
343597390697|81|isLocatedIn
343597390698|54|isLocatedIn
274877914006|93|isLocatedIn
274877914007|1|isLocatedIn
274877914008|110|isLocatedIn
274877914009|107|isLocatedIn
274877914010|90|isLocatedIn
274877914028|49|isLocatedIn
274877914029|58|isLocatedIn
274877914030|48|isLocatedIn
274877914031|52|isLocatedIn
274877914032|106|isLocatedIn
274877914033|49|isLocatedIn
274877914034|59|isLocatedIn
274877914035|59|isLocatedIn
343597390773|1|isLocatedIn
343597390774|1|isLocatedIn
343597390775|0|isLocatedIn
343597390776|50|isLocatedIn
343597390777|0|isLocatedIn
343597390778|48|isLocatedIn
343597390779|1|isLocatedIn
343597390780|56|isLocatedIn
343597390781|106|isLocatedIn
343597390782|56|isLocatedIn
343597390783|90|isLocatedIn
343597390784|17|isLocatedIn
343597390785|1|isLocatedIn
343597390786|105|isLocatedIn
343597390787|59|isLocatedIn
343597390788|88|isLocatedIn
343597390789|0|isLocatedIn
274877914072|4|isLocatedIn
274877914073|1|isLocatedIn
274877914074|64|isLocatedIn
274877914075|55|isLocatedIn
274877914076|107|isLocatedIn
274877914077|50|isLocatedIn
274877914078|105|isLocatedIn
274877914079|1|isLocatedIn
274877914080|50|isLocatedIn
274877914081|85|isLocatedIn
274877914082|96|isLocatedIn
274877914083|50|isLocatedIn
274877914084|105|isLocatedIn
274877914085|0|isLocatedIn
274877914086|0|isLocatedIn
274877914087|0|isLocatedIn
274877914088|28|isLocatedIn
274877914089|57|isLocatedIn
343597390827|54|isLocatedIn
343597390828|57|isLocatedIn
343597390829|1|isLocatedIn
343597390830|4|isLocatedIn
343597390831|54|isLocatedIn
343597390832|52|isLocatedIn
343597390833|55|isLocatedIn
343597390834|101|isLocatedIn
343597390835|99|isLocatedIn
343597390836|0|isLocatedIn
343597390837|1|isLocatedIn
343597390838|50|isLocatedIn
343597390839|93|isLocatedIn
343597390840|1|isLocatedIn
343597390841|64|isLocatedIn
343597390842|0|isLocatedIn
343597390843|28|isLocatedIn
343597390844|1|isLocatedIn
274877914160|0|isLocatedIn
274877914161|105|isLocatedIn
274877914162|0|isLocatedIn
274877914163|93|isLocatedIn
274877914164|0|isLocatedIn
274877914165|28|isLocatedIn
274877914166|85|isLocatedIn
274877914167|28|isLocatedIn
274877914168|1|isLocatedIn
274877914169|4|isLocatedIn
274877914170|0|isLocatedIn
274877914171|1|isLocatedIn
274877914172|28|isLocatedIn
274877914173|49|isLocatedIn
274877914174|29|isLocatedIn
274877914175|1|isLocatedIn
274877914176|50|isLocatedIn
274877914177|58|isLocatedIn
274877914178|28|isLocatedIn
274877914180|64|isLocatedIn
274877914181|73|isLocatedIn
274877914182|1|isLocatedIn
274877914183|1|isLocatedIn
274877914184|85|isLocatedIn
274877914185|50|isLocatedIn
274877914186|70|isLocatedIn
274877914187|106|isLocatedIn
274877914188|49|isLocatedIn
274877914189|58|isLocatedIn
274877914190|56|isLocatedIn
274877914191|48|isLocatedIn
274877914192|70|isLocatedIn
274877914193|1|isLocatedIn
274877914194|0|isLocatedIn
274877914195|4|isLocatedIn
274877914196|110|isLocatedIn
274877914198|49|isLocatedIn
274877914199|1|isLocatedIn
274877914200|58|isLocatedIn
274877914201|0|isLocatedIn
274877914202|1|isLocatedIn
274877914203|58|isLocatedIn
274877914204|1|isLocatedIn
274877914205|1|isLocatedIn
274877914206|0|isLocatedIn
274877914207|0|isLocatedIn
274877914208|52|isLocatedIn
274877914209|1|isLocatedIn
274877914210|56|isLocatedIn
274877914211|57|isLocatedIn
274877914212|107|isLocatedIn
274877914213|50|isLocatedIn
274877914214|106|isLocatedIn
274877914216|58|isLocatedIn
274877914217|57|isLocatedIn
274877914218|106|isLocatedIn
274877914219|4|isLocatedIn
274877914220|106|isLocatedIn
274877914221|70|isLocatedIn
274877914222|56|isLocatedIn
274877914223|50|isLocatedIn
274877914224|48|isLocatedIn
274877914225|52|isLocatedIn
274877914226|0|isLocatedIn
274877914227|58|isLocatedIn
274877914228|99|isLocatedIn
274877914229|0|isLocatedIn
274877914230|56|isLocatedIn
274877914231|1|isLocatedIn
274877914232|107|isLocatedIn
274877914233|54|isLocatedIn
274877914234|58|isLocatedIn
274877914235|29|isLocatedIn
274877914237|110|isLocatedIn
274877914238|93|isLocatedIn
274877914240|105|isLocatedIn
274877914241|93|isLocatedIn
274877914242|50|isLocatedIn
274877914243|1|isLocatedIn
274877914244|29|isLocatedIn
274877914245|110|isLocatedIn
274877914246|93|isLocatedIn
274877914247|58|isLocatedIn
274877914248|4|isLocatedIn
274877914249|105|isLocatedIn
274877914250|29|isLocatedIn
274877914251|58|isLocatedIn
274877914252|99|isLocatedIn
274877914253|105|isLocatedIn
274877914254|99|isLocatedIn
274877914256|1|isLocatedIn
274877914257|57|isLocatedIn
274877914258|106|isLocatedIn
274877914259|0|isLocatedIn
274877914260|28|isLocatedIn
274877914261|57|isLocatedIn
274877914262|55|isLocatedIn
274877914263|50|isLocatedIn
274877914264|96|isLocatedIn
274877914265|0|isLocatedIn
274877914266|59|isLocatedIn
274877914267|85|isLocatedIn
274877914268|0|isLocatedIn
274877914269|106|isLocatedIn
274877914270|58|isLocatedIn
274877914271|1|isLocatedIn
274877914273|0|isLocatedIn
274877914274|0|isLocatedIn
274877914275|28|isLocatedIn
274877914276|1|isLocatedIn
274877914277|1|isLocatedIn
274877914278|57|isLocatedIn
274877914279|70|isLocatedIn
274877914281|4|isLocatedIn
274877914282|1|isLocatedIn
274877914283|59|isLocatedIn
274877914284|0|isLocatedIn
274877914285|57|isLocatedIn
274877914286|56|isLocatedIn
274877914287|0|isLocatedIn
274877914288|99|isLocatedIn
274877914289|55|isLocatedIn
274877914290|0|isLocatedIn
274877914291|1|isLocatedIn
274877914292|93|isLocatedIn
274877914293|93|isLocatedIn
274877914295|59|isLocatedIn
274877914297|62|isLocatedIn
274877914298|0|isLocatedIn
274877914299|52|isLocatedIn
274877914300|1|isLocatedIn
274877914301|1|isLocatedIn
274877914302|107|isLocatedIn
274877914303|64|isLocatedIn
274877914304|64|isLocatedIn
274877914305|56|isLocatedIn
274877914306|99|isLocatedIn
274877914307|28|isLocatedIn
274877914308|1|isLocatedIn
274877914309|1|isLocatedIn
274877914310|49|isLocatedIn
274877914311|49|isLocatedIn
274877914312|99|isLocatedIn
274877914313|50|isLocatedIn
274877914314|50|isLocatedIn
274877914391|50|isLocatedIn
274877914392|50|isLocatedIn
274877914393|82|isLocatedIn
274877914394|45|isLocatedIn
274877914395|58|isLocatedIn
274877914396|58|isLocatedIn
274877914397|0|isLocatedIn
274877914398|50|isLocatedIn
274877914399|60|isLocatedIn
274877914400|0|isLocatedIn
343597391201|54|isLocatedIn
343597391202|60|isLocatedIn
343597391203|58|isLocatedIn
343597391204|29|isLocatedIn
343597391205|60|isLocatedIn
343597391206|71|isLocatedIn
343597391207|98|isLocatedIn
343597391209|0|isLocatedIn
343597391210|4|isLocatedIn
343597391211|58|isLocatedIn
343597391212|50|isLocatedIn
343597391213|0|isLocatedIn
274877914679|0|isLocatedIn
274877914687|81|isLocatedIn
274877914688|57|isLocatedIn
274877914689|4|isLocatedIn
274877914690|0|isLocatedIn
274877914691|79|isLocatedIn
274877914692|0|isLocatedIn
274877914693|4|isLocatedIn
274877914694|52|isLocatedIn
274877914695|4|isLocatedIn
274877914696|99|isLocatedIn
274877914697|49|isLocatedIn
274877914698|53|isLocatedIn
274877914699|52|isLocatedIn
274877914700|50|isLocatedIn
274877914701|50|isLocatedIn
274877914702|50|isLocatedIn
274877914703|50|isLocatedIn
274877914704|50|isLocatedIn
274877914705|52|isLocatedIn
274877914706|99|isLocatedIn
274877914708|52|isLocatedIn
274877914709|53|isLocatedIn
274877914710|53|isLocatedIn
274877914711|53|isLocatedIn
274877914712|99|isLocatedIn
274877914713|53|isLocatedIn
274877914714|49|isLocatedIn
274877914715|64|isLocatedIn
274877914716|50|isLocatedIn
274877914717|49|isLocatedIn
274877914718|57|isLocatedIn
274877914719|106|isLocatedIn
274877914720|50|isLocatedIn
274877914721|79|isLocatedIn
274877914722|50|isLocatedIn
274877914724|57|isLocatedIn
274877914725|57|isLocatedIn
274877914726|99|isLocatedIn
274877914727|99|isLocatedIn
274877914728|57|isLocatedIn
274877914729|53|isLocatedIn
274877914730|57|isLocatedIn
274877914731|69|isLocatedIn
274877914732|79|isLocatedIn
274877914733|0|isLocatedIn
274877914734|79|isLocatedIn
274877914735|52|isLocatedIn
274877914737|79|isLocatedIn
274877914738|53|isLocatedIn
274877914739|106|isLocatedIn
274877914740|79|isLocatedIn
274877914741|50|isLocatedIn
274877914742|53|isLocatedIn
274877914743|1|isLocatedIn
137438961393|53|isLocatedIn
137438961394|24|isLocatedIn
137438961395|53|isLocatedIn
137438961396|23|isLocatedIn
137438961397|52|isLocatedIn
137438961400|1|isLocatedIn
137438961402|71|isLocatedIn
137438961403|70|isLocatedIn
137438961404|53|isLocatedIn
137438961405|52|isLocatedIn
137438961406|35|isLocatedIn
137438961407|99|isLocatedIn
137438961408|53|isLocatedIn
137438961409|52|isLocatedIn
137438961410|99|isLocatedIn
137438961411|30|isLocatedIn
137438961412|1|isLocatedIn
137438961413|1|isLocatedIn
137438961414|1|isLocatedIn
137438961415|1|isLocatedIn
206158438334|50|isLocatedIn
206158438335|59|isLocatedIn
206158438336|59|isLocatedIn
206158438337|106|isLocatedIn
206158438338|50|isLocatedIn
206158438339|101|isLocatedIn
206158438340|101|isLocatedIn
206158438341|54|isLocatedIn
206158438342|54|isLocatedIn
206158438343|0|isLocatedIn
206158438344|54|isLocatedIn
206158438345|50|isLocatedIn
206158438346|54|isLocatedIn
206158438347|54|isLocatedIn
206158438348|54|isLocatedIn
206158438349|101|isLocatedIn
206158438350|59|isLocatedIn
137438961616|0|isLocatedIn
137438961617|50|isLocatedIn
137438961618|106|isLocatedIn
137438961619|101|isLocatedIn
137438961620|50|isLocatedIn
137438961621|50|isLocatedIn
137438961622|53|isLocatedIn
137438961623|101|isLocatedIn
137438961624|59|isLocatedIn
137438961625|59|isLocatedIn
137438961626|50|isLocatedIn
137438961627|59|isLocatedIn
137438961628|50|isLocatedIn
206158438366|50|isLocatedIn
206158438367|50|isLocatedIn
206158438368|50|isLocatedIn
206158438369|101|isLocatedIn
137438961635|0|isLocatedIn
137438961636|101|isLocatedIn
137438961637|50|isLocatedIn
137438961638|101|isLocatedIn
137438961639|50|isLocatedIn
137438961640|59|isLocatedIn
137438961641|50|isLocatedIn
137438961642|50|isLocatedIn
137438961643|50|isLocatedIn
343597391916|56|isLocatedIn
343597391917|48|isLocatedIn
343597391918|54|isLocatedIn
343597391919|78|isLocatedIn
343597391920|105|isLocatedIn
343597391921|51|isLocatedIn
343597391922|61|isLocatedIn
343597391923|59|isLocatedIn
274877915195|70|isLocatedIn
274877915196|54|isLocatedIn
274877915197|89|isLocatedIn
274877915198|50|isLocatedIn
274877915199|101|isLocatedIn
274877915200|70|isLocatedIn
206158438466|51|isLocatedIn
206158438467|64|isLocatedIn
206158438468|0|isLocatedIn
206158438469|0|isLocatedIn
206158438470|71|isLocatedIn
206158438471|50|isLocatedIn
206158438472|50|isLocatedIn
206158438473|64|isLocatedIn
206158438474|64|isLocatedIn
206158438475|0|isLocatedIn
206158438476|78|isLocatedIn
206158438477|51|isLocatedIn
206158438478|51|isLocatedIn
206158438479|78|isLocatedIn
206158438480|51|isLocatedIn
206158438481|50|isLocatedIn
274877915224|71|isLocatedIn
274877915225|0|isLocatedIn
274877915226|78|isLocatedIn
274877915227|100|isLocatedIn
274877915228|89|isLocatedIn
274877915229|70|isLocatedIn
274877915230|54|isLocatedIn
274877915231|101|isLocatedIn
274877915232|70|isLocatedIn
343597391984|51|isLocatedIn
343597391985|70|isLocatedIn
343597391986|23|isLocatedIn
343597391987|29|isLocatedIn
343597391988|51|isLocatedIn
343597391989|78|isLocatedIn
343597391990|0|isLocatedIn
343597391991|53|isLocatedIn
343597391992|53|isLocatedIn
206158438672|106|isLocatedIn
206158438673|106|isLocatedIn
206158438674|82|isLocatedIn
206158438675|59|isLocatedIn
206158438676|72|isLocatedIn
206158438677|69|isLocatedIn
206158438678|69|isLocatedIn
206158438679|108|isLocatedIn
206158438680|72|isLocatedIn
206158438681|108|isLocatedIn
137438961947|106|isLocatedIn
137438961948|106|isLocatedIn
137438961949|59|isLocatedIn
137438961950|106|isLocatedIn
137438961951|45|isLocatedIn
137438961952|59|isLocatedIn
137438961953|69|isLocatedIn
137438961954|69|isLocatedIn
137438961955|69|isLocatedIn
137438961956|69|isLocatedIn
137438961957|59|isLocatedIn
137438961958|56|isLocatedIn
137438961959|69|isLocatedIn
206158438697|72|isLocatedIn
206158438698|108|isLocatedIn
206158438699|106|isLocatedIn
206158438700|106|isLocatedIn
206158438701|59|isLocatedIn
206158438702|108|isLocatedIn
206158438703|72|isLocatedIn
206158438704|106|isLocatedIn
206158438705|106|isLocatedIn
206158438706|69|isLocatedIn
206158438707|69|isLocatedIn
206158438708|108|isLocatedIn
274877915446|0|isLocatedIn
274877915447|0|isLocatedIn
274877915448|88|isLocatedIn
274877915449|88|isLocatedIn
274877915450|1|isLocatedIn
274877915451|0|isLocatedIn
274877915452|0|isLocatedIn
274877915453|50|isLocatedIn
274877915454|1|isLocatedIn
274877915455|1|isLocatedIn
274877915456|1|isLocatedIn
274877915457|88|isLocatedIn
274877915458|88|isLocatedIn
274877915459|88|isLocatedIn
274877915460|1|isLocatedIn
274877915461|0|isLocatedIn
274877915462|88|isLocatedIn
274877915463|1|isLocatedIn
274877915465|88|isLocatedIn
274877915466|85|isLocatedIn
274877915467|1|isLocatedIn
274877915468|88|isLocatedIn
274877915469|50|isLocatedIn
274877915470|50|isLocatedIn
274877915471|1|isLocatedIn
274877915472|1|isLocatedIn
274877915473|50|isLocatedIn
274877915474|88|isLocatedIn
274877915475|88|isLocatedIn
274877915476|1|isLocatedIn
274877915477|85|isLocatedIn
274877915478|60|isLocatedIn
274877915479|88|isLocatedIn
274877915480|0|isLocatedIn
343597392218|50|isLocatedIn
343597392219|85|isLocatedIn
343597392220|1|isLocatedIn
343597392221|88|isLocatedIn
343597392222|85|isLocatedIn
343597392223|98|isLocatedIn
343597392224|1|isLocatedIn
343597392225|0|isLocatedIn
343597392226|29|isLocatedIn
343597392227|85|isLocatedIn
343597392228|1|isLocatedIn
343597392229|1|isLocatedIn
343597392230|1|isLocatedIn
343597392231|1|isLocatedIn
343597392232|61|isLocatedIn
343597392233|1|isLocatedIn
343597392234|85|isLocatedIn
343597392235|0|isLocatedIn
68719485293|76|isLocatedIn
68719485294|76|isLocatedIn
68719485295|76|isLocatedIn
68719485296|53|isLocatedIn
68719485297|76|isLocatedIn
68719485298|53|isLocatedIn
68719485299|76|isLocatedIn
68719485300|76|isLocatedIn
68719485301|53|isLocatedIn
68719485302|76|isLocatedIn
68719485303|53|isLocatedIn
68719485304|76|isLocatedIn
68719485305|53|isLocatedIn
68719485306|76|isLocatedIn
68719485307|53|isLocatedIn
68719485308|76|isLocatedIn
68719485309|53|isLocatedIn
68719485310|53|isLocatedIn
68719485329|50|isLocatedIn
68719485330|55|isLocatedIn
68719485331|76|isLocatedIn
68719485332|76|isLocatedIn
68719485333|55|isLocatedIn
68719485334|76|isLocatedIn
68719485335|76|isLocatedIn
68719485336|76|isLocatedIn
68719485337|66|isLocatedIn
343597392283|105|isLocatedIn
343597392284|52|isLocatedIn
343597392285|99|isLocatedIn
343597392286|76|isLocatedIn
343597392287|55|isLocatedIn
343597392288|54|isLocatedIn
343597392289|52|isLocatedIn
68719485347|53|isLocatedIn
68719485348|53|isLocatedIn
68719485349|53|isLocatedIn
68719485350|53|isLocatedIn
68719485351|53|isLocatedIn
68719485352|53|isLocatedIn
68719485353|53|isLocatedIn
68719485354|53|isLocatedIn
68719485355|53|isLocatedIn
68719485356|53|isLocatedIn
68719485357|53|isLocatedIn
68719485358|53|isLocatedIn
68719485359|53|isLocatedIn
68719485360|53|isLocatedIn
68719485361|53|isLocatedIn
68719485362|53|isLocatedIn
343597392308|99|isLocatedIn
343597392310|75|isLocatedIn
343597392311|66|isLocatedIn
343597392312|52|isLocatedIn
343597392313|75|isLocatedIn
343597392314|52|isLocatedIn
343597392315|52|isLocatedIn
343597392316|53|isLocatedIn
343597392317|48|isLocatedIn
343597392318|50|isLocatedIn
343597392319|52|isLocatedIn
343597392320|53|isLocatedIn
343597392321|0|isLocatedIn
343597392322|52|isLocatedIn
343597392323|52|isLocatedIn
343597392325|76|isLocatedIn
343597392326|1|isLocatedIn
343597392327|52|isLocatedIn
343597392328|50|isLocatedIn
343597392329|52|isLocatedIn
343597392330|48|isLocatedIn
343597392331|52|isLocatedIn
343597392332|1|isLocatedIn
343597392333|1|isLocatedIn
343597392334|55|isLocatedIn
343597392335|1|isLocatedIn
343597392336|1|isLocatedIn
343597392337|50|isLocatedIn
343597392339|99|isLocatedIn
343597392340|55|isLocatedIn
343597392341|52|isLocatedIn
343597392342|52|isLocatedIn
343597392343|50|isLocatedIn
274877915609|48|isLocatedIn
274877915610|105|isLocatedIn
274877915611|50|isLocatedIn
68719485701|1|isLocatedIn
68719485702|69|isLocatedIn
68719485703|69|isLocatedIn
68719485704|69|isLocatedIn
68719485705|1|isLocatedIn
68719485706|69|isLocatedIn
68719485707|1|isLocatedIn
68719485708|69|isLocatedIn
68719485709|69|isLocatedIn
68719485710|1|isLocatedIn
68719485711|69|isLocatedIn
343597392657|58|isLocatedIn
343597392658|87|isLocatedIn
343597392659|99|isLocatedIn
343597392660|54|isLocatedIn
343597392661|99|isLocatedIn
343597392662|99|isLocatedIn
343597392664|1|isLocatedIn
137438962458|1|isLocatedIn
137438962459|69|isLocatedIn
137438962460|59|isLocatedIn
137438962461|99|isLocatedIn
137438962462|69|isLocatedIn
137438962463|1|isLocatedIn
137438962464|1|isLocatedIn
137438962465|59|isLocatedIn
137438962466|3|isLocatedIn
137438962467|69|isLocatedIn
137438962468|99|isLocatedIn
137438962469|99|isLocatedIn
137438962470|59|isLocatedIn
137438962471|99|isLocatedIn
137438962472|99|isLocatedIn
137438962474|59|isLocatedIn
137438962475|99|isLocatedIn
137438962476|59|isLocatedIn
137438962477|59|isLocatedIn
137438962479|30|isLocatedIn
137438962480|1|isLocatedIn
137438962481|1|isLocatedIn
137438962482|99|isLocatedIn
137438962483|69|isLocatedIn
137438962484|1|isLocatedIn
137438962485|1|isLocatedIn
137438962486|99|isLocatedIn
137438962487|99|isLocatedIn
137438962488|1|isLocatedIn
137438962489|69|isLocatedIn
137438962490|99|isLocatedIn
137438962491|99|isLocatedIn
137438962492|69|isLocatedIn
137438962493|59|isLocatedIn
137438962494|59|isLocatedIn
137438962495|1|isLocatedIn
343597392743|94|isLocatedIn
343597392744|1|isLocatedIn
343597392745|1|isLocatedIn
343597392746|89|isLocatedIn
343597392748|59|isLocatedIn
343597392808|0|isLocatedIn
343597392809|92|isLocatedIn
343597392810|105|isLocatedIn
343597392811|1|isLocatedIn
343597392812|0|isLocatedIn
343597392813|0|isLocatedIn
343597392814|79|isLocatedIn
343597392839|58|isLocatedIn
343597392840|99|isLocatedIn
343597392841|52|isLocatedIn
343597392842|105|isLocatedIn
343597392843|103|isLocatedIn
343597392844|105|isLocatedIn
343597392845|54|isLocatedIn
274877916141|0|isLocatedIn
343597392878|105|isLocatedIn
274877916143|105|isLocatedIn
343597392880|99|isLocatedIn
343597392881|105|isLocatedIn
274877916146|56|isLocatedIn
274877916147|54|isLocatedIn
274877916148|1|isLocatedIn
274877916185|105|isLocatedIn
274877916186|29|isLocatedIn
274877916187|103|isLocatedIn
274877916188|105|isLocatedIn
274877916189|105|isLocatedIn
274877916190|99|isLocatedIn
274877916191|29|isLocatedIn
274877916192|56|isLocatedIn
274877916193|0|isLocatedIn
274877916194|0|isLocatedIn
274877916195|77|isLocatedIn
274877916196|56|isLocatedIn
274877916197|0|isLocatedIn
274877916198|0|isLocatedIn
274877916199|69|isLocatedIn
274877916200|106|isLocatedIn
274877916201|58|isLocatedIn
343597392953|54|isLocatedIn
343597392954|56|isLocatedIn
343597392955|1|isLocatedIn
343597392956|1|isLocatedIn
343597392957|0|isLocatedIn
343597392958|1|isLocatedIn
343597392959|99|isLocatedIn
343597392960|50|isLocatedIn
343597392961|50|isLocatedIn
343597392962|79|isLocatedIn
274877916267|54|isLocatedIn
343597393005|54|isLocatedIn
343597393006|105|isLocatedIn
343597393007|71|isLocatedIn
343597393008|0|isLocatedIn
343597393009|79|isLocatedIn
343597393010|0|isLocatedIn
343597393011|29|isLocatedIn
343597393012|53|isLocatedIn
343597393013|92|isLocatedIn
343597393014|1|isLocatedIn
343597393015|1|isLocatedIn
343597393016|54|isLocatedIn
343597393017|1|isLocatedIn
343597393018|99|isLocatedIn
343597393019|0|isLocatedIn
343597393094|1|isLocatedIn
343597393095|56|isLocatedIn
343597393096|103|isLocatedIn
343597393097|1|isLocatedIn
206158439637|1|isLocatedIn
206158439638|64|isLocatedIn
206158439639|29|isLocatedIn
206158439640|29|isLocatedIn
206158439641|1|isLocatedIn
206158439642|64|isLocatedIn
206158439643|29|isLocatedIn
206158439644|105|isLocatedIn
206158439645|105|isLocatedIn
206158439646|29|isLocatedIn
206158439647|64|isLocatedIn
206158439648|1|isLocatedIn
343597393153|58|isLocatedIn
343597393154|105|isLocatedIn
343597393155|99|isLocatedIn
343597393156|1|isLocatedIn
343597393157|1|isLocatedIn
343597393158|99|isLocatedIn
343597393159|92|isLocatedIn
343597393160|0|isLocatedIn
343597393161|79|isLocatedIn
343597393162|0|isLocatedIn
343597393163|58|isLocatedIn
343597393164|0|isLocatedIn
343597393165|58|isLocatedIn
343597393166|0|isLocatedIn
343597393167|0|isLocatedIn
343597393168|64|isLocatedIn
343597393169|0|isLocatedIn
343597393170|105|isLocatedIn
343597393172|89|isLocatedIn
274877916447|1|isLocatedIn
274877916448|103|isLocatedIn
274877916449|0|isLocatedIn
274877916450|53|isLocatedIn
274877916451|1|isLocatedIn
274877916452|1|isLocatedIn
274877916453|54|isLocatedIn
274877916454|106|isLocatedIn
274877916455|1|isLocatedIn
274877916456|77|isLocatedIn
274877916457|105|isLocatedIn
274877916458|29|isLocatedIn
274877916459|1|isLocatedIn
274877916460|106|isLocatedIn
274877916461|1|isLocatedIn
274877916462|0|isLocatedIn
343597393211|106|isLocatedIn
343597393212|0|isLocatedIn
343597393213|105|isLocatedIn
343597393214|53|isLocatedIn
343597393215|6|isLocatedIn
343597393216|105|isLocatedIn
343597393217|29|isLocatedIn
343597393218|0|isLocatedIn
274877916484|48|isLocatedIn
274877916485|78|isLocatedIn
274877916486|78|isLocatedIn
274877916487|96|isLocatedIn
274877916488|70|isLocatedIn
274877916489|70|isLocatedIn
274877916490|48|isLocatedIn
274877916491|96|isLocatedIn
274877916492|48|isLocatedIn
274877916493|84|isLocatedIn
274877916494|70|isLocatedIn
274877916495|84|isLocatedIn
274877916496|48|isLocatedIn
274877916497|78|isLocatedIn
274877916498|96|isLocatedIn
274877916499|70|isLocatedIn
274877916500|48|isLocatedIn
206158439766|96|isLocatedIn
206158439767|70|isLocatedIn
206158439768|96|isLocatedIn
206158439769|96|isLocatedIn
206158439770|78|isLocatedIn
274877916580|60|isLocatedIn
206158439846|25|isLocatedIn
206158439847|60|isLocatedIn
206158439848|76|isLocatedIn
206158439849|52|isLocatedIn
206158439850|98|isLocatedIn
206158439851|25|isLocatedIn
206158439852|60|isLocatedIn
206158439853|96|isLocatedIn
137438963500|31|isLocatedIn
137438963501|84|isLocatedIn
137438963502|53|isLocatedIn
137438963503|66|isLocatedIn
137438963504|84|isLocatedIn
137438963505|52|isLocatedIn
137438963506|53|isLocatedIn
137438963507|88|isLocatedIn
137438963508|84|isLocatedIn
137438963509|88|isLocatedIn
137438963510|55|isLocatedIn
137438963512|84|isLocatedIn
137438963513|60|isLocatedIn
137438963514|60|isLocatedIn
137438963515|98|isLocatedIn
137438963516|88|isLocatedIn
137438963517|55|isLocatedIn
137438963518|84|isLocatedIn
137438963519|84|isLocatedIn
137438963520|60|isLocatedIn
137438963521|60|isLocatedIn
68719486787|53|isLocatedIn
68719486788|84|isLocatedIn
68719486789|84|isLocatedIn
68719486790|53|isLocatedIn
68719486791|98|isLocatedIn
68719486792|84|isLocatedIn
68719486793|53|isLocatedIn
68719486794|102|isLocatedIn
68719486795|53|isLocatedIn
68719486796|84|isLocatedIn
68719486797|84|isLocatedIn
68719486798|84|isLocatedIn
137438963536|84|isLocatedIn
137438963537|84|isLocatedIn
137438963538|88|isLocatedIn
343597393748|88|isLocatedIn
343597393749|66|isLocatedIn
343597393750|98|isLocatedIn
343597393751|81|isLocatedIn
343597393752|66|isLocatedIn
343597393753|75|isLocatedIn
343597393754|60|isLocatedIn
343597393755|84|isLocatedIn
343597393756|66|isLocatedIn
343597393757|66|isLocatedIn
343597393758|52|isLocatedIn
343597393759|55|isLocatedIn
343597393760|52|isLocatedIn
343597393761|60|isLocatedIn
343597393762|81|isLocatedIn
343597393763|53|isLocatedIn
137438963741|69|isLocatedIn
137438963742|59|isLocatedIn
137438963743|80|isLocatedIn
137438963744|57|isLocatedIn
137438963745|88|isLocatedIn
137438963746|71|isLocatedIn
137438963747|66|isLocatedIn
137438963748|58|isLocatedIn
137438963749|59|isLocatedIn
137438963750|76|isLocatedIn
137438963752|76|isLocatedIn
137438963753|76|isLocatedIn
137438963754|69|isLocatedIn
137438963755|76|isLocatedIn
137438963756|69|isLocatedIn
137438963757|6|isLocatedIn
137438963758|69|isLocatedIn
137438963759|96|isLocatedIn
137438963760|53|isLocatedIn
137438963761|96|isLocatedIn
137438963762|66|isLocatedIn
137438963763|96|isLocatedIn
137438963764|86|isLocatedIn
137438963765|14|isLocatedIn
137438963766|96|isLocatedIn
206158440656|98|isLocatedIn
206158440657|110|isLocatedIn
206158440658|56|isLocatedIn
206158440659|0|isLocatedIn
206158440660|93|isLocatedIn
206158440661|0|isLocatedIn
206158440662|0|isLocatedIn
206158440663|50|isLocatedIn
206158440664|0|isLocatedIn
206158440665|99|isLocatedIn
206158440666|72|isLocatedIn
206158440667|110|isLocatedIn
206158440668|56|isLocatedIn
206158440669|110|isLocatedIn
206158440670|110|isLocatedIn
206158440671|78|isLocatedIn
206158440672|0|isLocatedIn
206158440673|66|isLocatedIn
343597394147|110|isLocatedIn
343597394148|0|isLocatedIn
68719487223|78|isLocatedIn
68719487224|78|isLocatedIn
68719487225|78|isLocatedIn
68719487226|78|isLocatedIn
68719487227|78|isLocatedIn
68719487228|78|isLocatedIn
68719487229|78|isLocatedIn
68719487230|78|isLocatedIn
68719487231|78|isLocatedIn
68719487232|78|isLocatedIn
68719487233|78|isLocatedIn
68719487234|78|isLocatedIn
68719487235|78|isLocatedIn
68719487236|78|isLocatedIn
68719487237|78|isLocatedIn
68719487256|66|isLocatedIn
68719487257|78|isLocatedIn
68719487258|56|isLocatedIn
68719487259|98|isLocatedIn
68719487260|98|isLocatedIn
68719487261|56|isLocatedIn
68719487262|0|isLocatedIn
68719487263|53|isLocatedIn
68719487264|98|isLocatedIn
68719487265|66|isLocatedIn
68719487266|78|isLocatedIn
68719487267|0|isLocatedIn
68719487268|66|isLocatedIn
68719487269|0|isLocatedIn
137438964007|0|isLocatedIn
274877917481|96|isLocatedIn
274877917482|0|isLocatedIn
274877917483|0|isLocatedIn
274877917484|50|isLocatedIn
274877917485|53|isLocatedIn
274877917486|0|isLocatedIn
274877917487|0|isLocatedIn
68719487281|0|isLocatedIn
68719487282|66|isLocatedIn
68719487283|98|isLocatedIn
68719487284|53|isLocatedIn
68719487285|0|isLocatedIn
68719487286|53|isLocatedIn
68719487287|66|isLocatedIn
68719487288|78|isLocatedIn
68719487289|0|isLocatedIn
68719487290|0|isLocatedIn
68719487291|66|isLocatedIn
68719487292|78|isLocatedIn
68719487293|98|isLocatedIn
68719487294|66|isLocatedIn
68719487295|98|isLocatedIn
68719487296|0|isLocatedIn
68719487297|98|isLocatedIn
68719487298|98|isLocatedIn
68719487299|78|isLocatedIn
68719487301|98|isLocatedIn
68719487302|66|isLocatedIn
68719487303|53|isLocatedIn
68719487304|66|isLocatedIn
68719487305|0|isLocatedIn
68719487306|78|isLocatedIn
68719487307|78|isLocatedIn
68719487308|98|isLocatedIn
68719487309|0|isLocatedIn
68719487310|53|isLocatedIn
68719487311|98|isLocatedIn
68719487312|98|isLocatedIn
68719487314|78|isLocatedIn
68719487315|53|isLocatedIn
68719487316|98|isLocatedIn
68719487317|0|isLocatedIn
68719487318|78|isLocatedIn
68719487319|53|isLocatedIn
68719487320|53|isLocatedIn
68719487321|98|isLocatedIn
68719487322|53|isLocatedIn
68719487323|47|isLocatedIn
68719487324|78|isLocatedIn
68719487325|56|isLocatedIn
68719487326|53|isLocatedIn
68719487327|0|isLocatedIn
68719487328|0|isLocatedIn
68719487329|98|isLocatedIn
68719487331|0|isLocatedIn
68719487332|98|isLocatedIn
68719487333|66|isLocatedIn
68719487334|78|isLocatedIn
68719487335|78|isLocatedIn
68719487336|53|isLocatedIn
68719487337|56|isLocatedIn
68719487338|98|isLocatedIn
68719487339|98|isLocatedIn
68719487340|78|isLocatedIn
68719487341|0|isLocatedIn
68719487342|53|isLocatedIn
68719487343|56|isLocatedIn
68719487344|53|isLocatedIn
68719487345|13|isLocatedIn
68719487346|66|isLocatedIn
68719487348|56|isLocatedIn
68719487349|66|isLocatedIn
68719487350|56|isLocatedIn
68719487351|78|isLocatedIn
68719487352|53|isLocatedIn
68719487353|0|isLocatedIn
68719487354|0|isLocatedIn
68719487355|0|isLocatedIn
68719487356|0|isLocatedIn
68719487357|56|isLocatedIn
68719487358|78|isLocatedIn
68719487360|56|isLocatedIn
68719487361|56|isLocatedIn
68719487362|78|isLocatedIn
68719487363|78|isLocatedIn
68719487364|66|isLocatedIn
68719487365|66|isLocatedIn
68719487366|66|isLocatedIn
68719487367|53|isLocatedIn
68719487368|56|isLocatedIn
68719487369|0|isLocatedIn
68719487370|53|isLocatedIn
68719487371|66|isLocatedIn
68719487372|53|isLocatedIn
68719487373|78|isLocatedIn
68719487374|98|isLocatedIn
68719487375|98|isLocatedIn
68719487376|98|isLocatedIn
274877917674|53|isLocatedIn
274877917675|49|isLocatedIn
274877917676|0|isLocatedIn
274877917677|49|isLocatedIn
274877917678|56|isLocatedIn
274877917679|0|isLocatedIn
274877917681|53|isLocatedIn
274877917682|99|isLocatedIn
274877917683|4|isLocatedIn
274877917684|49|isLocatedIn
274877917685|48|isLocatedIn
274877917703|60|isLocatedIn
274877917704|0|isLocatedIn
274877917705|0|isLocatedIn
274877917706|69|isLocatedIn
274877917707|56|isLocatedIn
274877917708|78|isLocatedIn
274877917709|0|isLocatedIn
274877917710|69|isLocatedIn
274877917711|0|isLocatedIn
274877917712|90|isLocatedIn
274877917713|0|isLocatedIn
274877917714|53|isLocatedIn
274877917715|60|isLocatedIn
274877917717|52|isLocatedIn
274877917718|1|isLocatedIn
274877917719|48|isLocatedIn
274877917720|49|isLocatedIn
274877917721|53|isLocatedIn
274877917722|0|isLocatedIn
274877917724|4|isLocatedIn
274877917725|53|isLocatedIn
274877917726|49|isLocatedIn
274877917727|90|isLocatedIn
274877917728|99|isLocatedIn
274877917729|70|isLocatedIn
343597394467|78|isLocatedIn
343597394468|1|isLocatedIn
343597394469|75|isLocatedIn
343597394470|82|isLocatedIn
343597394471|0|isLocatedIn
343597394472|0|isLocatedIn
343597394473|78|isLocatedIn
343597394474|53|isLocatedIn
343597394475|97|isLocatedIn
343597394476|0|isLocatedIn
343597394477|97|isLocatedIn
343597394478|52|isLocatedIn
343597394479|82|isLocatedIn
343597394480|1|isLocatedIn
343597394481|0|isLocatedIn
343597394482|75|isLocatedIn
343597394483|108|isLocatedIn
343597394484|52|isLocatedIn
343597394499|0|isLocatedIn
343597394500|97|isLocatedIn
343597394501|108|isLocatedIn
343597394502|108|isLocatedIn
274877917856|49|isLocatedIn
274877917857|49|isLocatedIn
274877917858|108|isLocatedIn
274877917859|52|isLocatedIn
274877917860|108|isLocatedIn
274877917861|49|isLocatedIn
274877917862|53|isLocatedIn
274877917863|71|isLocatedIn
274877917864|52|isLocatedIn
274877917865|52|isLocatedIn
274877917866|108|isLocatedIn
274877917867|53|isLocatedIn
274877917868|49|isLocatedIn
274877917869|53|isLocatedIn
274877917870|53|isLocatedIn
274877917959|50|isLocatedIn
274877917960|50|isLocatedIn
274877917961|56|isLocatedIn
137438964567|52|isLocatedIn
137438964568|52|isLocatedIn
137438964569|52|isLocatedIn
137438964570|46|isLocatedIn
137438964571|52|isLocatedIn
137438964572|52|isLocatedIn
137438964574|42|isLocatedIn
137438964575|52|isLocatedIn
137438964576|52|isLocatedIn
137438964577|52|isLocatedIn
137438964578|52|isLocatedIn
137438964579|104|isLocatedIn
137438964580|52|isLocatedIn
137438964582|52|isLocatedIn
137438964583|52|isLocatedIn
137438964584|52|isLocatedIn
137438964585|52|isLocatedIn
