:START_ID(Comment)|:END_ID(Tag)|:TYPE
206158430252|1183|hasTag
206158430252|6358|hasTag
206158430252|11678|hasTag
206158430255|1183|hasTag
206158430255|3050|hasTag
206158430255|5097|hasTag
206158430255|6491|hasTag
206158430255|7557|hasTag
206158430257|1941|hasTag
206158430257|2911|hasTag
206158430257|3050|hasTag
206158430257|6491|hasTag
206158430257|7079|hasTag
206158430257|7557|hasTag
206158430260|2853|hasTag
206158430260|3050|hasTag
206158430260|5058|hasTag
206158430260|6491|hasTag
206158430263|6358|hasTag
206158430263|6426|hasTag
206158430263|7405|hasTag
206158430263|11678|hasTag
206158430461|9289|hasTag
206158430462|9189|hasTag
206158430465|14856|hasTag
206158430466|2903|hasTag
137438953980|975|hasTag
137438953980|2872|hasTag
137438953980|7510|hasTag
137438953980|12408|hasTag
137438953980|13816|hasTag
137438953982|1296|hasTag
137438953982|2893|hasTag
137438953982|5076|hasTag
137438953982|5289|hasTag
137438953982|12408|hasTag
137438953984|1025|hasTag
137438953984|2113|hasTag
137438953984|2872|hasTag
137438953984|7510|hasTag
137438953984|9302|hasTag
137438953987|1025|hasTag
137438953987|2872|hasTag
137438953987|6392|hasTag
137438953987|6818|hasTag
137438953987|6862|hasTag
137438953987|7510|hasTag
137438953987|9302|hasTag
274877907622|1196|hasTag
274877907622|2838|hasTag
274877907623|1196|hasTag
274877907623|6407|hasTag
274877907628|786|hasTag
274877907628|1196|hasTag
274877907628|6407|hasTag
274877907630|1766|hasTag
274877907630|10931|hasTag
274877907632|9258|hasTag
274877907632|10931|hasTag
343597384590|461|hasTag
343597384590|11774|hasTag
343597384592|461|hasTag
343597384592|1195|hasTag
343597384592|2102|hasTag
343597384595|795|hasTag
343597384598|461|hasTag
343597384598|9505|hasTag
343597384598|11774|hasTag
343597384607|2050|hasTag
343597384607|2790|hasTag
343597384607|6528|hasTag
343597384607|10734|hasTag
343597384607|11806|hasTag
274877908008|194|hasTag
274877908008|1990|hasTag
274877908008|1995|hasTag
274877908008|6665|hasTag
274877908008|10756|hasTag
274877908008|11995|hasTag
274877908014|194|hasTag
274877908014|1990|hasTag
274877908014|1995|hasTag
274877908014|5080|hasTag
274877908014|6665|hasTag
274877908014|7802|hasTag
274877908014|9094|hasTag
274877908014|11995|hasTag
343597384753|1410|hasTag
343597384753|6972|hasTag
343597384755|1410|hasTag
343597384755|6972|hasTag
343597384755|11782|hasTag
343597384756|1410|hasTag
343597384756|5084|hasTag
343597384756|6972|hasTag
343597384760|9339|hasTag
343597384767|7549|hasTag
68719478304|1132|hasTag
68719478304|2076|hasTag
68719478304|6274|hasTag
68719478304|6378|hasTag
68719478304|9318|hasTag
68719478400|2084|hasTag
68719478400|5132|hasTag
68719478401|1176|hasTag
68719478401|5132|hasTag
68719478402|1176|hasTag
68719478402|5258|hasTag
68719478403|12019|hasTag
68719478407|7022|hasTag
68719478410|2076|hasTag
68719478411|5644|hasTag
68719478413|2905|hasTag
68719478415|11266|hasTag
68719478418|10799|hasTag
68719478418|11266|hasTag
68719478419|418|hasTag
206158431905|973|hasTag
206158431905|2084|hasTag
206158431909|2026|hasTag
68719478440|2786|hasTag
68719478440|2833|hasTag
68719478440|5106|hasTag
68719478440|12159|hasTag
68719478443|2894|hasTag
68719478443|4975|hasTag
68719478443|5167|hasTag
68719478443|6944|hasTag
68719478443|7919|hasTag
68719478443|8912|hasTag
68719478443|9034|hasTag
68719478443|11848|hasTag
68719478445|2076|hasTag
68719478445|6373|hasTag
68719478445|7555|hasTag
68719478445|11035|hasTag
68719478445|12950|hasTag
68719478445|13379|hasTag
68719478446|5400|hasTag
68719478446|5710|hasTag
68719478446|6373|hasTag
68719478446|9257|hasTag
68719478446|12950|hasTag
68719478447|61|hasTag
68719478447|2076|hasTag
68719478447|7555|hasTag
68719478447|9147|hasTag
68719478447|11035|hasTag
68719478447|12742|hasTag
68719478456|1548|hasTag
68719478456|4849|hasTag
68719478456|9255|hasTag
68719478456|9572|hasTag
68719478456|13191|hasTag
68719478457|1614|hasTag
68719478457|2044|hasTag
68719478457|5108|hasTag
68719478457|9572|hasTag
68719478457|11686|hasTag
68719478457|12763|hasTag
68719478457|13191|hasTag
68719478460|2044|hasTag
68719478460|2912|hasTag
68719478460|5106|hasTag
68719478460|5815|hasTag
68719478460|7746|hasTag
68719478460|12763|hasTag
68719478464|9078|hasTag
68719478464|9262|hasTag
68719478464|12027|hasTag
68719478464|12763|hasTag
68719478465|2044|hasTag
68719478465|2912|hasTag
68719478465|5106|hasTag
68719478465|5815|hasTag
68719478465|7241|hasTag
68719478465|11604|hasTag
68719478465|11605|hasTag
68719478466|2044|hasTag
68719478466|2858|hasTag
68719478466|11451|hasTag
68719478466|12269|hasTag
68719478466|12763|hasTag
68719478468|1614|hasTag
68719478468|7327|hasTag
68719478468|9211|hasTag
68719478468|12763|hasTag
68719478468|13191|hasTag
68719478468|13897|hasTag
68719478468|15666|hasTag
68719478837|1339|hasTag
68719478837|2987|hasTag
68719478837|5127|hasTag
68719478837|5201|hasTag
68719478837|13875|hasTag
68719478839|1339|hasTag
68719478839|2829|hasTag
68719478839|2987|hasTag
68719478839|13961|hasTag
68719478842|295|hasTag
68719478842|2987|hasTag
68719478842|5127|hasTag
68719478842|11903|hasTag
68719478842|13875|hasTag
68719478842|15926|hasTag
68719478848|2987|hasTag
68719478848|9170|hasTag
68719478848|9271|hasTag
68719478850|2987|hasTag
68719478850|5127|hasTag
68719478850|7256|hasTag
68719478850|9001|hasTag
68719478906|11538|hasTag
68719478913|1444|hasTag
68719478913|2979|hasTag
274877909125|1444|hasTag
274877909125|9141|hasTag
274877909128|1444|hasTag
274877909128|11408|hasTag
274877909130|1444|hasTag
274877909130|7012|hasTag
274877909132|1444|hasTag
274877909132|7012|hasTag
274877909132|12103|hasTag
274877909133|1444|hasTag
274877909133|1766|hasTag
274877909133|11408|hasTag
274877909136|1444|hasTag
274877909136|7012|hasTag
274877909136|8641|hasTag
274877909140|1444|hasTag
274877909140|6704|hasTag
274877909141|806|hasTag
343597385886|1444|hasTag
343597385886|2008|hasTag
343597385886|9271|hasTag
343597385888|1444|hasTag
343597385888|2062|hasTag
343597385888|5275|hasTag
274877909158|564|hasTag
274877909158|1375|hasTag
274877909158|2812|hasTag
274877909158|2850|hasTag
274877909158|6410|hasTag
274877909158|6443|hasTag
274877909158|6750|hasTag
274877909158|9146|hasTag
274877909160|564|hasTag
274877909160|3047|hasTag
274877909160|5109|hasTag
274877909160|6443|hasTag
274877909160|7555|hasTag
274877909160|9043|hasTag
274877909160|9146|hasTag
274877909162|1375|hasTag
274877909162|2850|hasTag
274877909162|6402|hasTag
274877909162|6443|hasTag
274877909162|7538|hasTag
274877909162|9033|hasTag
274877909162|9146|hasTag
274877909162|9678|hasTag
274877909166|564|hasTag
274877909166|1615|hasTag
274877909166|5109|hasTag
274877909166|5619|hasTag
274877909166|6443|hasTag
274877909166|9146|hasTag
274877909166|9259|hasTag
274877909166|12300|hasTag
274877909170|564|hasTag
274877909170|1375|hasTag
274877909170|1753|hasTag
274877909170|2044|hasTag
274877909170|6410|hasTag
274877909170|6443|hasTag
274877909170|6750|hasTag
274877909170|9146|hasTag
274877909170|9243|hasTag
274877909170|10314|hasTag
274877909173|1762|hasTag
274877909173|7367|hasTag
274877909173|8374|hasTag
274877909173|9820|hasTag
274877909173|11741|hasTag
274877909175|8203|hasTag
274877909175|9479|hasTag
274877909175|13403|hasTag
274877909177|2078|hasTag
274877909177|2778|hasTag
274877909177|5102|hasTag
274877909177|8374|hasTag
274877909177|9820|hasTag
274877909180|544|hasTag
274877909180|564|hasTag
274877909180|1762|hasTag
274877909180|6154|hasTag
274877909180|6931|hasTag
274877909180|7367|hasTag
274877909180|7513|hasTag
274877909182|2078|hasTag
274877909182|2778|hasTag
274877909182|6355|hasTag
274877909182|8374|hasTag
274877909182|9157|hasTag
274877909182|9820|hasTag
274877909182|10317|hasTag
274877909184|544|hasTag
274877909184|564|hasTag
274877909184|777|hasTag
274877909184|1762|hasTag
274877909184|2037|hasTag
274877909184|5063|hasTag
274877909184|5079|hasTag
274877909184|6154|hasTag
274877909184|7367|hasTag
274877909187|564|hasTag
274877909187|2973|hasTag
274877909187|3084|hasTag
274877909187|9273|hasTag
274877909187|13698|hasTag
274877909193|564|hasTag
274877909193|1987|hasTag
274877909193|2030|hasTag
274877909193|6447|hasTag
274877909193|11237|hasTag
274877909201|2017|hasTag
274877909201|7007|hasTag
274877909201|7547|hasTag
274877909201|11737|hasTag
274877909203|2058|hasTag
274877909203|2875|hasTag
274877909203|7547|hasTag
274877909203|7558|hasTag
274877909203|7581|hasTag
274877909203|10955|hasTag
206158432666|1521|hasTag
206158432666|2850|hasTag
206158432666|8153|hasTag
206158432666|9329|hasTag
206158432666|12609|hasTag
206158432666|13854|hasTag
206158432672|1173|hasTag
206158432672|1521|hasTag
206158432672|2021|hasTag
206158432672|2850|hasTag
206158432672|12609|hasTag
274877909515|1419|hasTag
274877909515|2078|hasTag
206158432793|1419|hasTag
206158432793|7196|hasTag
206158432794|1419|hasTag
206158432794|7559|hasTag
206158432796|7559|hasTag
206158432796|9742|hasTag
206158432801|5638|hasTag
206158432801|7559|hasTag
274877909545|5303|hasTag
274877909545|9143|hasTag
274877909545|13258|hasTag
274877909546|6551|hasTag
274877909546|7520|hasTag
274877909546|11251|hasTag
274877909546|14785|hasTag
274877909551|6551|hasTag
274877909551|7479|hasTag
274877909551|13748|hasTag
274877909552|2024|hasTag
274877909552|2900|hasTag
274877909552|6551|hasTag
274877909552|11251|hasTag
274877909553|2780|hasTag
274877909553|6551|hasTag
274877909553|7140|hasTag
274877909553|13748|hasTag
343597386294|3080|hasTag
343597386295|3080|hasTag
343597386295|9265|hasTag
343597386296|2969|hasTag
343597386296|3080|hasTag
206158432838|791|hasTag
206158432838|2781|hasTag
206158432838|3055|hasTag
206158432838|5301|hasTag
206158432838|12474|hasTag
206158432840|788|hasTag
206158432840|2821|hasTag
206158432840|5301|hasTag
206158432840|7604|hasTag
206158432840|12474|hasTag
206158432843|791|hasTag
206158432843|5301|hasTag
206158432843|6990|hasTag
206158432843|7511|hasTag
206158432843|7564|hasTag
206158432843|12474|hasTag
206158432844|294|hasTag
206158432844|791|hasTag
206158432844|3038|hasTag
206158432844|3055|hasTag
206158432844|5301|hasTag
206158432844|12474|hasTag
206158432844|15390|hasTag
274877909588|1198|hasTag
274877909588|1681|hasTag
274877909588|2954|hasTag
274877909595|138|hasTag
274877909595|1198|hasTag
274877909595|2117|hasTag
274877909595|9110|hasTag
274877909595|9217|hasTag
274877909596|142|hasTag
274877909596|1198|hasTag
274877909596|12204|hasTag
274877909598|576|hasTag
274877909598|1198|hasTag
274877909598|3068|hasTag
274877909598|5530|hasTag
274877909598|9217|hasTag
274877909600|1198|hasTag
274877909600|1199|hasTag
274877909600|2081|hasTag
68719479395|138|hasTag
68719479395|789|hasTag
68719479395|1177|hasTag
68719479395|11622|hasTag
68719479396|138|hasTag
68719479396|2849|hasTag
68719479396|11532|hasTag
68719479401|138|hasTag
68719479401|3014|hasTag
68719479401|5520|hasTag
68719479403|138|hasTag
68719479403|3081|hasTag
68719479403|6402|hasTag
68719479403|11622|hasTag
68719479407|138|hasTag
68719479407|3014|hasTag
68719479407|5520|hasTag
68719479407|11755|hasTag
68719479407|14450|hasTag
68719479409|3081|hasTag
68719479409|5145|hasTag
68719479409|6402|hasTag
68719479409|13474|hasTag
206158432883|11647|hasTag
206158432887|10070|hasTag
206158432887|11647|hasTag
206158432890|544|hasTag
343597386557|9417|hasTag
343597386559|9398|hasTag
343597386563|2|hasTag
343597386563|10401|hasTag
343597386564|2123|hasTag
343597386565|2123|hasTag
343597386565|6405|hasTag
343597386567|2123|hasTag
343597386567|5866|hasTag
343597386567|6405|hasTag
343597386570|12066|hasTag
343597386571|6426|hasTag
343597386571|12066|hasTag
343597386573|138|hasTag
274877909843|1676|hasTag
274877909843|2026|hasTag
274877909843|2052|hasTag
274877909843|2845|hasTag
274877909843|5200|hasTag
274877909843|8150|hasTag
274877909843|9084|hasTag
274877909843|9175|hasTag
274877909843|11743|hasTag
274877909843|12301|hasTag
274877909844|545|hasTag
274877909844|1676|hasTag
274877909844|2845|hasTag
274877909844|6153|hasTag
274877909844|9175|hasTag
274877909844|9428|hasTag
274877909844|11598|hasTag
274877909844|12035|hasTag
274877909848|1194|hasTag
274877909848|1375|hasTag
274877909848|1676|hasTag
274877909848|2026|hasTag
274877909848|4847|hasTag
274877909848|5200|hasTag
274877909848|8150|hasTag
274877909848|8886|hasTag
274877909848|9175|hasTag
274877909848|11743|hasTag
274877909848|12301|hasTag
274877909848|14321|hasTag
274877909853|1667|hasTag
274877909853|1676|hasTag
274877909853|2801|hasTag
274877909853|2845|hasTag
274877909853|3023|hasTag
274877909853|6153|hasTag
274877909853|6407|hasTag
274877909853|9175|hasTag
274877909853|9428|hasTag
274877909853|11598|hasTag
274877909853|12035|hasTag
274877909854|1676|hasTag
274877909854|2845|hasTag
274877909854|6153|hasTag
274877909854|7916|hasTag
274877909854|9099|hasTag
274877909854|9175|hasTag
274877909854|12315|hasTag
274877909854|14345|hasTag
274877909855|1201|hasTag
274877909855|1672|hasTag
274877909855|2026|hasTag
274877909855|2845|hasTag
274877909855|3066|hasTag
274877909855|5133|hasTag
274877909855|5194|hasTag
274877909855|6368|hasTag
274877909855|9175|hasTag
274877909855|9182|hasTag
274877909855|9289|hasTag
274877909855|12241|hasTag
274877909856|196|hasTag
274877909856|1672|hasTag
274877909856|2026|hasTag
274877909856|2875|hasTag
274877909856|2913|hasTag
274877909856|3066|hasTag
274877909856|5194|hasTag
274877909856|6071|hasTag
274877909856|6368|hasTag
274877909856|9175|hasTag
274877909856|9182|hasTag
274877909856|11050|hasTag
274877909856|11627|hasTag
274877909856|12241|hasTag
274877909858|1170|hasTag
274877909858|9154|hasTag
274877909858|11115|hasTag
274877909858|12126|hasTag
274877909921|798|hasTag
274877909922|798|hasTag
274877909922|1203|hasTag
274877909927|1526|hasTag
274877909927|1671|hasTag
274877909927|2870|hasTag
206158433198|1024|hasTag
206158433205|6399|hasTag
206158433206|1024|hasTag
206158433206|13383|hasTag
274877909949|573|hasTag
274877909949|2968|hasTag
274877909949|3005|hasTag
274877909949|5054|hasTag
274877909949|5445|hasTag
274877909949|6950|hasTag
274877909949|11824|hasTag
274877909949|12315|hasTag
206158433354|1375|hasTag
206158433354|2072|hasTag
206158433354|5129|hasTag
206158433354|5184|hasTag
206158433355|1375|hasTag
206158433355|2072|hasTag
206158433355|2804|hasTag
206158433355|2807|hasTag
206158433355|5129|hasTag
206158433359|132|hasTag
206158433359|8082|hasTag
206158433361|6940|hasTag
206158433361|7190|hasTag
206158433362|132|hasTag
206158433362|9319|hasTag
206158433363|7017|hasTag
343597386843|2092|hasTag
343597386843|2982|hasTag
343597386843|3001|hasTag
343597386843|7350|hasTag
274877910110|1500|hasTag
274877910110|2947|hasTag
274877910110|6393|hasTag
274877910110|7267|hasTag
274877910110|9497|hasTag
274877910112|2783|hasTag
274877910112|2899|hasTag
274877910112|6406|hasTag
274877910112|11695|hasTag
274877910112|14416|hasTag
274877910115|2899|hasTag
274877910115|3013|hasTag
274877910115|6406|hasTag
274877910115|10944|hasTag
274877910115|10993|hasTag
274877910120|6|hasTag
274877910120|5397|hasTag
274877910120|6946|hasTag
274877910120|7952|hasTag
274877910120|11382|hasTag
274877910120|11521|hasTag
274877910120|13014|hasTag
274877910121|2793|hasTag
274877910121|5076|hasTag
274877910121|5397|hasTag
274877910121|11382|hasTag
274877910121|11587|hasTag
274877910121|12035|hasTag
274877910121|13014|hasTag
274877910127|1178|hasTag
274877910127|5066|hasTag
274877910127|5397|hasTag
274877910127|6018|hasTag
274877910127|7952|hasTag
274877910127|14626|hasTag
274877910131|2049|hasTag
274877910131|2937|hasTag
274877910131|6018|hasTag
274877910131|9579|hasTag
274877910135|1500|hasTag
274877910135|9255|hasTag
274877910135|11315|hasTag
274877910136|11948|hasTag
274877910137|1500|hasTag
274877910137|9246|hasTag
274877910137|11315|hasTag
274877910139|1184|hasTag
274877910139|1500|hasTag
274877910139|7019|hasTag
274877910139|11315|hasTag
274877910144|448|hasTag
274877910144|1500|hasTag
274877910144|6372|hasTag
274877910144|7221|hasTag
274877910144|13196|hasTag
274877910148|2832|hasTag
274877910148|7221|hasTag
274877910148|8079|hasTag
274877910148|11657|hasTag
274877910149|6372|hasTag
274877910149|9290|hasTag
274877910149|10750|hasTag
274877910149|11570|hasTag
274877910149|13196|hasTag
274877910151|7221|hasTag
274877910151|9099|hasTag
274877910151|12085|hasTag
274877910152|2847|hasTag
274877910152|3041|hasTag
274877910152|10750|hasTag
274877910152|11570|hasTag
274877910152|12500|hasTag
274877910153|2048|hasTag
274877910153|8079|hasTag
274877910153|11657|hasTag
274877910153|12057|hasTag
343597387173|458|hasTag
343597387173|3031|hasTag
343597387173|5170|hasTag
343597387173|9150|hasTag
206158433704|458|hasTag
206158433704|9056|hasTag
206158433705|7565|hasTag
206158433707|11609|hasTag
206158433708|1532|hasTag
206158433708|7565|hasTag
206158433712|7565|hasTag
206158433712|9236|hasTag
206158433713|458|hasTag
206158433713|2011|hasTag
206158433713|5065|hasTag
206158433714|788|hasTag
206158433714|9056|hasTag
206158433716|3029|hasTag
206158433716|9056|hasTag
206158433717|7565|hasTag
206158433717|7568|hasTag
206158433720|458|hasTag
206158433720|2968|hasTag
206158433720|11374|hasTag
274877910460|458|hasTag
274877910460|2066|hasTag
274877910460|2095|hasTag
274877910460|5285|hasTag
206158433734|14460|hasTag
206158433735|1176|hasTag
206158433735|14460|hasTag
274877910477|458|hasTag
274877910477|5822|hasTag
274877910477|8757|hasTag
274877910477|10289|hasTag
274877910478|2794|hasTag
274877910478|6981|hasTag
274877910478|10289|hasTag
274877910478|12235|hasTag
274877910480|2832|hasTag
274877910480|2901|hasTag
274877910480|12235|hasTag
206158433754|2001|hasTag
206158433754|2778|hasTag
206158433754|7606|hasTag
206158433754|10501|hasTag
206158433756|2001|hasTag
206158433756|2778|hasTag
206158433756|6728|hasTag
206158433756|12028|hasTag
206158433761|2001|hasTag
206158433761|2778|hasTag
206158433761|9060|hasTag
206158433761|9282|hasTag
206158433763|2778|hasTag
206158433763|6406|hasTag
206158433763|7606|hasTag
206158433763|13364|hasTag
206158433768|1653|hasTag
206158433768|7226|hasTag
206158433768|7539|hasTag
206158433769|1653|hasTag
206158433769|7226|hasTag
206158433769|7299|hasTag
206158433769|7405|hasTag
206158433769|7539|hasTag
206158433770|1653|hasTag
206158433770|6210|hasTag
206158433770|7625|hasTag
206158433770|8953|hasTag
206158433770|9349|hasTag
206158433771|285|hasTag
206158433771|7625|hasTag
206158433771|8953|hasTag
206158433771|9259|hasTag
206158433771|15589|hasTag
206158433774|1653|hasTag
206158433774|1985|hasTag
206158433774|5173|hasTag
206158433774|5601|hasTag
206158433774|6392|hasTag
206158433774|6944|hasTag
206158433774|7547|hasTag
206158433774|7570|hasTag
206158433774|10267|hasTag
206158433774|12176|hasTag
206158433776|1985|hasTag
206158433776|2779|hasTag
206158433776|5152|hasTag
206158433776|5173|hasTag
206158433776|5601|hasTag
206158433776|6392|hasTag
206158433776|7014|hasTag
206158433776|7547|hasTag
206158433776|11369|hasTag
206158433776|11685|hasTag
206158433776|12176|hasTag
274877910542|1418|hasTag
274877910542|11808|hasTag
274877910550|9027|hasTag
274877910552|11587|hasTag
274877910555|9241|hasTag
274877910555|11587|hasTag
343597387659|139|hasTag
343597387659|2797|hasTag
343597387659|2823|hasTag
343597387659|2996|hasTag
343597387659|5248|hasTag
343597387659|5976|hasTag
343597387667|2823|hasTag
343597387667|2874|hasTag
343597387667|5976|hasTag
343597387667|9176|hasTag
343597387667|9257|hasTag
343597387671|2805|hasTag
343597387671|2808|hasTag
343597387671|2823|hasTag
343597387671|9176|hasTag
343597387671|13766|hasTag
274877910940|139|hasTag
274877910940|778|hasTag
274877910940|5109|hasTag
274877910940|12093|hasTag
343597387794|471|hasTag
343597387794|2806|hasTag
343597387794|3038|hasTag
343597387794|5184|hasTag
343597387795|471|hasTag
343597387795|7511|hasTag
343597387795|7526|hasTag
343597387796|2806|hasTag
343597387796|6154|hasTag
343597387796|6732|hasTag
343597387798|2036|hasTag
343597387798|6154|hasTag
343597387798|14483|hasTag
343597387803|1545|hasTag
343597387803|7511|hasTag
343597387803|7526|hasTag
343597387803|10809|hasTag
343597387807|471|hasTag
343597387807|2891|hasTag
343597387807|2941|hasTag
343597387807|3038|hasTag
343597387807|3063|hasTag
343597387808|471|hasTag
343597387808|7511|hasTag
343597387808|7526|hasTag
343597387808|8083|hasTag
343597387808|9182|hasTag
206158434343|59|hasTag
206158434343|777|hasTag
206158434343|1421|hasTag
206158434343|2795|hasTag
206158434343|3100|hasTag
206158434343|7509|hasTag
206158434343|7589|hasTag
206158434343|8809|hasTag
206158434343|9188|hasTag
274877911198|2806|hasTag
274877911198|12179|hasTag
274877911206|11456|hasTag
274877911665|564|hasTag
274877911665|5520|hasTag
274877911665|7015|hasTag
274877911665|8906|hasTag
274877911665|9271|hasTag
274877911665|10993|hasTag
274877911665|11976|hasTag
274877911668|564|hasTag
274877911668|1675|hasTag
274877911668|2074|hasTag
274877911668|2797|hasTag
274877911668|2878|hasTag
274877911668|11976|hasTag
274877911669|2074|hasTag
274877911669|8753|hasTag
274877911669|9188|hasTag
274877911669|13098|hasTag
274877911673|2074|hasTag
274877911673|2842|hasTag
274877911673|6355|hasTag
274877911673|9188|hasTag
274877911676|564|hasTag
274877911676|1678|hasTag
274877911676|5472|hasTag
274877911676|8906|hasTag
274877911676|9271|hasTag
274877911676|14430|hasTag
274877911676|14609|hasTag
274877911677|564|hasTag
274877911677|3019|hasTag
274877911677|5080|hasTag
274877911677|5520|hasTag
274877911677|8414|hasTag
274877911677|9271|hasTag
274877911677|10858|hasTag
274877911682|564|hasTag
274877911682|2799|hasTag
274877911682|5520|hasTag
274877911682|6999|hasTag
274877911682|7517|hasTag
274877911682|7569|hasTag
274877911682|10993|hasTag
274877911682|11976|hasTag
343597388713|275|hasTag
343597388713|9324|hasTag
343597388714|9035|hasTag
343597388716|275|hasTag
343597388716|2829|hasTag
343597388716|9324|hasTag
274877911988|273|hasTag
274877911988|2831|hasTag
274877911990|273|hasTag
274877911990|2086|hasTag
274877911990|2831|hasTag
274877911993|273|hasTag
274877911993|10583|hasTag
274877911996|273|hasTag
274877911996|14000|hasTag
274877911997|273|hasTag
274877911997|11287|hasTag
274877911997|14000|hasTag
274877912000|9362|hasTag
274877912000|14423|hasTag
274877912001|5161|hasTag
274877912001|11676|hasTag
274877912001|14000|hasTag
274877912002|579|hasTag
274877912004|2903|hasTag
274877912004|6962|hasTag
274877912004|11676|hasTag
274877912004|14000|hasTag
274877912005|6951|hasTag
274877912005|9292|hasTag
274877912007|2892|hasTag
274877912007|6951|hasTag
274877912007|9292|hasTag
274877912009|579|hasTag
274877912009|3081|hasTag
68719481805|458|hasTag
68719481807|458|hasTag
68719481807|9456|hasTag
68719481809|5862|hasTag
68719481812|273|hasTag
68719481812|11784|hasTag
68719481813|3077|hasTag
68719481815|3083|hasTag
68719481816|2084|hasTag
68719481820|13304|hasTag
68719481825|2814|hasTag
68719481826|13115|hasTag
137438958565|273|hasTag
137438958565|2798|hasTag
137438958565|2979|hasTag
137438958565|6394|hasTag
137438958565|9173|hasTag
137438958566|11652|hasTag
137438958566|12042|hasTag
137438958572|2798|hasTag
137438958572|2834|hasTag
137438958572|6394|hasTag
137438958572|7566|hasTag
137438958572|9536|hasTag
137438958575|6897|hasTag
137438958575|11652|hasTag
137438958575|12042|hasTag
137438958576|6407|hasTag
137438958576|11652|hasTag
5111|976|hasTag
5112|273|hasTag
5112|1022|hasTag
5113|6607|hasTag
5116|273|hasTag
5116|5091|hasTag
5120|7032|hasTag
343597388808|9474|hasTag
343597388809|6451|hasTag
343597388811|6799|hasTag
206158435348|273|hasTag
206158435348|779|hasTag
206158435348|12033|hasTag
206158435349|779|hasTag
206158435349|6973|hasTag
206158435349|12744|hasTag
206158435357|779|hasTag
206158435357|6402|hasTag
206158435358|273|hasTag
206158435358|779|hasTag
206158435358|5112|hasTag
68719481903|7108|hasTag
68719481903|9144|hasTag
68719481903|9303|hasTag
68719481903|10532|hasTag
274877912113|6462|hasTag
274877912113|6913|hasTag
274877912113|7187|hasTag
274877912113|8257|hasTag
274877912113|9243|hasTag
274877912113|11081|hasTag
274877912123|1185|hasTag
274877912123|1201|hasTag
274877912123|2029|hasTag
274877912123|5153|hasTag
274877912123|9237|hasTag
274877912123|11537|hasTag
343597388862|796|hasTag
343597388862|1451|hasTag
343597388862|5153|hasTag
343597388862|6376|hasTag
343597388866|796|hasTag
343597388866|3019|hasTag
343597388866|5153|hasTag
343597388866|6376|hasTag
343597388866|11866|hasTag
274877912131|579|hasTag
274877912131|1185|hasTag
274877912131|2922|hasTag
274877912131|5109|hasTag
274877912131|11647|hasTag
343597388869|1644|hasTag
343597388869|5153|hasTag
343597388869|6376|hasTag
343597388869|11634|hasTag
343597388874|796|hasTag
343597388874|3019|hasTag
343597388874|5153|hasTag
343597388874|6371|hasTag
343597388874|6376|hasTag
343597388874|9256|hasTag
343597388874|11866|hasTag
343597388874|13580|hasTag
274877912141|1761|hasTag
274877912141|5065|hasTag
274877912146|5276|hasTag
274877912146|10144|hasTag
274877912149|10144|hasTag
274877912149|14727|hasTag
274877912151|9341|hasTag
274877912153|15063|hasTag
274877912156|4941|hasTag
274877912156|5276|hasTag
274877912156|10144|hasTag
274877912226|564|hasTag
274877912226|804|hasTag
274877912226|3025|hasTag
274877912226|9913|hasTag
274877912226|13575|hasTag
274877912229|564|hasTag
274877912229|5163|hasTag
274877912229|5344|hasTag
274877912229|13575|hasTag
274877912229|14972|hasTag
274877912231|564|hasTag
274877912231|804|hasTag
274877912231|2025|hasTag
274877912231|7566|hasTag
274877912231|9143|hasTag
274877912231|13575|hasTag
274877912232|564|hasTag
274877912232|804|hasTag
274877912232|2789|hasTag
274877912232|3111|hasTag
274877912232|9143|hasTag
274877912232|9289|hasTag
274877912232|13575|hasTag
274877912234|564|hasTag
274877912234|804|hasTag
274877912234|1025|hasTag
274877912234|2049|hasTag
274877912234|2789|hasTag
274877912234|3111|hasTag
274877912234|6773|hasTag
274877912234|7582|hasTag
274877912234|9289|hasTag
274877912237|5163|hasTag
274877912237|5344|hasTag
274877912237|7061|hasTag
274877912237|8935|hasTag
274877912237|9907|hasTag
274877912247|564|hasTag
274877912247|5188|hasTag
274877912247|9047|hasTag
274877912247|9283|hasTag
274877912257|564|hasTag
274877912257|2983|hasTag
274877912257|11456|hasTag
274877912259|524|hasTag
274877912259|2983|hasTag
274877912259|5163|hasTag
274877912265|2983|hasTag
274877912265|11717|hasTag
274877912267|2941|hasTag
274877912267|2983|hasTag
274877912267|11717|hasTag
274877912268|524|hasTag
274877912268|2834|hasTag
274877912268|2983|hasTag
274877912268|6429|hasTag
274877912269|2983|hasTag
274877912269|9252|hasTag
274877912269|12584|hasTag
206158435627|1765|hasTag
206158435627|2066|hasTag
206158435627|3111|hasTag
206158435627|12304|hasTag
206158435630|1450|hasTag
206158435630|2941|hasTag
206158435630|12031|hasTag
206158435630|12243|hasTag
206158435631|2941|hasTag
206158435631|5103|hasTag
206158435631|12031|hasTag
206158435631|15450|hasTag
206158435632|5191|hasTag
206158435632|7557|hasTag
206158435632|12031|hasTag
206158435636|9252|hasTag
206158435636|11801|hasTag
206158435636|12031|hasTag
206158435636|15450|hasTag
206158435641|9294|hasTag
206158435641|11710|hasTag
343597389194|1733|hasTag
343597389194|7504|hasTag
343597389198|588|hasTag
343597389198|1733|hasTag
206158435801|0|hasTag
206158435801|2027|hasTag
206158435801|2786|hasTag
206158435801|3041|hasTag
206158435803|0|hasTag
206158435803|139|hasTag
206158435803|6377|hasTag
137438959078|0|hasTag
137438959078|9085|hasTag
137438959082|11317|hasTag
137438959086|0|hasTag
137438959086|2844|hasTag
206158435827|788|hasTag
206158435827|11677|hasTag
206158435834|0|hasTag
206158435834|6973|hasTag
206158435834|9272|hasTag
206158435834|12769|hasTag
343597389400|8656|hasTag
343597389400|12691|hasTag
343597389401|2103|hasTag
274877912740|5194|hasTag
274877912753|5829|hasTag
274877912765|5829|hasTag
274877912765|6910|hasTag
274877912768|1375|hasTag
274877912768|5829|hasTag
137438959320|1197|hasTag
137438959320|5829|hasTag
343597390006|2950|hasTag
343597390008|149|hasTag
343597390013|149|hasTag
343597390013|6400|hasTag
274877913504|6|hasTag
274877913504|1206|hasTag
274877913507|6|hasTag
274877913507|3037|hasTag
343597390256|9079|hasTag
274877913534|1410|hasTag
274877913534|9278|hasTag
68719483330|7576|hasTag
68719483334|2918|hasTag
68719483334|12281|hasTag
68719483335|1410|hasTag
68719483335|15209|hasTag
68719483336|5129|hasTag
68719483336|7576|hasTag
68719483338|9101|hasTag
68719483340|1410|hasTag
68719483340|6424|hasTag
68719483340|15209|hasTag
68719483346|3027|hasTag
68719483349|2020|hasTag
68719483350|2020|hasTag
68719483350|2790|hasTag
68719483354|798|hasTag
68719483354|2020|hasTag
68719483357|1444|hasTag
68719483357|2849|hasTag
68719483360|569|hasTag
343597390435|2984|hasTag
343597390436|775|hasTag
343597390436|6411|hasTag
343597390438|11333|hasTag
343597390439|2984|hasTag
343597390439|11642|hasTag
343597390440|3068|hasTag
343597390444|9709|hasTag
343597390445|775|hasTag
343597390445|12053|hasTag
343597390446|11378|hasTag
343597390447|6550|hasTag
343597390448|2984|hasTag
343597390448|12077|hasTag
343597390501|6401|hasTag
343597390502|3077|hasTag
343597390502|6401|hasTag
343597390513|9672|hasTag
343597390517|299|hasTag
343597390517|6401|hasTag
274877913785|5184|hasTag
274877913788|5184|hasTag
274877913788|9125|hasTag
274877913789|5113|hasTag
274877913789|9125|hasTag
274877913792|2913|hasTag
274877913796|7511|hasTag
274877913796|9125|hasTag
274877913797|7511|hasTag
274877913797|8533|hasTag
274877913799|7511|hasTag
274877913799|14747|hasTag
274877913804|775|hasTag
274877913804|7566|hasTag
274877913864|5787|hasTag
274877913865|1184|hasTag
274877913867|5787|hasTag
274877913867|6405|hasTag
274877913871|775|hasTag
274877913871|2975|hasTag
274877913876|775|hasTag
274877913876|2975|hasTag
274877913876|9152|hasTag
274877913878|775|hasTag
274877913878|1952|hasTag
274877913878|2975|hasTag
274877913880|6883|hasTag
274877913881|2116|hasTag
274877913881|6883|hasTag
274877913882|1533|hasTag
343597390681|2028|hasTag
343597390685|1994|hasTag
343597390689|6938|hasTag
343597390690|9323|hasTag
343597390692|776|hasTag
343597390693|5057|hasTag
343597390694|9183|hasTag
274877914007|775|hasTag
274877914007|5465|hasTag
274877914010|775|hasTag
274877914010|806|hasTag
274877914030|7577|hasTag
274877914034|2814|hasTag
343597390774|1421|hasTag
343597390775|13001|hasTag
343597390776|2841|hasTag
343597390779|1032|hasTag
343597390779|1421|hasTag
343597390780|2069|hasTag
343597390780|13001|hasTag
343597390787|1421|hasTag
343597390787|10816|hasTag
343597390788|13001|hasTag
343597390788|14618|hasTag
274877914074|775|hasTag
274877914074|2932|hasTag
274877914075|775|hasTag
274877914075|6369|hasTag
274877914076|1997|hasTag
274877914078|1193|hasTag
274877914084|775|hasTag
274877914084|9243|hasTag
274877914085|775|hasTag
274877914085|6369|hasTag
274877914085|6378|hasTag
274877914086|6728|hasTag
274877914086|9243|hasTag
274877914089|775|hasTag
274877914089|7051|hasTag
274877914089|9243|hasTag
343597390827|775|hasTag
343597390827|12198|hasTag
343597390830|6992|hasTag
343597390841|9144|hasTag
274877914161|573|hasTag
274877914161|8707|hasTag
274877914161|11642|hasTag
274877914161|11855|hasTag
274877914161|14146|hasTag
274877914163|1420|hasTag
274877914163|2006|hasTag
274877914163|2121|hasTag
274877914163|6201|hasTag
274877914163|6772|hasTag
274877914163|8195|hasTag
274877914163|9170|hasTag
274877914163|9194|hasTag
274877914163|14146|hasTag
274877914166|2780|hasTag
274877914166|5114|hasTag
274877914166|11642|hasTag
274877914166|11726|hasTag
274877914166|11855|hasTag
274877914167|566|hasTag
274877914167|1420|hasTag
274877914167|2006|hasTag
274877914167|2121|hasTag
274877914167|2788|hasTag
274877914167|5071|hasTag
274877914167|6411|hasTag
274877914169|569|hasTag
274877914169|573|hasTag
274877914169|2983|hasTag
274877914169|5132|hasTag
274877914169|8707|hasTag
274877914169|11642|hasTag
274877914169|11855|hasTag
274877914170|545|hasTag
274877914170|2983|hasTag
274877914170|3083|hasTag
274877914170|8852|hasTag
274877914170|9059|hasTag
274877914170|11642|hasTag
274877914170|11855|hasTag
274877914172|1205|hasTag
274877914172|2113|hasTag
274877914172|5198|hasTag
274877914172|11642|hasTag
274877914173|9|hasTag
274877914173|1420|hasTag
274877914173|2121|hasTag
274877914173|2949|hasTag
274877914173|6411|hasTag
274877914173|8666|hasTag
274877914173|14010|hasTag
274877914176|565|hasTag
274877914176|1996|hasTag
274877914176|2780|hasTag
274877914176|5114|hasTag
274877914176|7585|hasTag
274877914176|11726|hasTag
274877914176|11855|hasTag
274877914181|1420|hasTag
274877914181|2862|hasTag
274877914181|7287|hasTag
274877914183|1420|hasTag
274877914183|1988|hasTag
274877914183|7287|hasTag
274877914184|2839|hasTag
274877914186|7598|hasTag
274877914188|5861|hasTag
274877914190|1420|hasTag
274877914190|7287|hasTag
274877914190|7462|hasTag
274877914190|11742|hasTag
274877914193|1988|hasTag
274877914193|7287|hasTag
274877914193|7993|hasTag
274877914193|9156|hasTag
274877914200|2020|hasTag
274877914200|2041|hasTag
274877914200|2056|hasTag
274877914200|2843|hasTag
274877914200|4938|hasTag
274877914200|7814|hasTag
274877914200|7899|hasTag
274877914202|9|hasTag
274877914202|2020|hasTag
274877914202|2041|hasTag
274877914202|2056|hasTag
274877914202|2855|hasTag
274877914202|7814|hasTag
274877914202|11533|hasTag
274877914202|11695|hasTag
274877914205|2041|hasTag
274877914205|2056|hasTag
274877914205|5119|hasTag
274877914205|5238|hasTag
274877914205|7814|hasTag
274877914205|8342|hasTag
274877914205|11967|hasTag
274877914208|1032|hasTag
274877914208|2041|hasTag
274877914208|2056|hasTag
274877914208|2062|hasTag
274877914208|5099|hasTag
274877914208|5238|hasTag
274877914208|8342|hasTag
274877914208|11840|hasTag
274877914213|2041|hasTag
274877914213|2056|hasTag
274877914213|2921|hasTag
274877914213|5109|hasTag
274877914213|6424|hasTag
274877914213|10867|hasTag
274877914213|11967|hasTag
274877914217|1178|hasTag
274877914217|1753|hasTag
274877914217|1763|hasTag
274877914217|8562|hasTag
274877914217|9057|hasTag
274877914219|58|hasTag
274877914219|1420|hasTag
274877914219|2076|hasTag
274877914219|7349|hasTag
274877914219|8562|hasTag
274877914220|58|hasTag
274877914220|2076|hasTag
274877914220|5927|hasTag
274877914220|6424|hasTag
274877914220|7349|hasTag
274877914220|9187|hasTag
274877914221|58|hasTag
274877914221|5168|hasTag
274877914221|7349|hasTag
274877914221|9051|hasTag
274877914221|9087|hasTag
274877914223|58|hasTag
274877914223|2797|hasTag
274877914223|5168|hasTag
274877914223|6425|hasTag
274877914223|7014|hasTag
274877914223|7349|hasTag
274877914223|9051|hasTag
274877914223|9087|hasTag
274877914226|58|hasTag
274877914226|2044|hasTag
274877914226|2074|hasTag
274877914226|6424|hasTag
274877914226|7349|hasTag
274877914226|9187|hasTag
274877914226|9298|hasTag
274877914227|58|hasTag
274877914227|1175|hasTag
274877914227|1195|hasTag
274877914227|5156|hasTag
274877914227|5683|hasTag
274877914227|9051|hasTag
274877914228|1178|hasTag
274877914228|1753|hasTag
274877914228|2049|hasTag
274877914228|5185|hasTag
274877914228|6999|hasTag
274877914228|8562|hasTag
274877914228|9057|hasTag
274877914232|577|hasTag
274877914232|1178|hasTag
274877914232|2097|hasTag
274877914232|6370|hasTag
274877914232|7507|hasTag
274877914232|8562|hasTag
274877914235|569|hasTag
274877914235|1178|hasTag
274877914235|2049|hasTag
274877914235|2816|hasTag
274877914235|2860|hasTag
274877914235|6038|hasTag
274877914235|6999|hasTag
274877914235|8562|hasTag
274877914238|1908|hasTag
274877914238|5062|hasTag
274877914238|8964|hasTag
274877914238|9041|hasTag
274877914238|11621|hasTag
274877914238|13507|hasTag
274877914240|1420|hasTag
274877914240|1769|hasTag
274877914240|7538|hasTag
274877914240|7594|hasTag
274877914241|1420|hasTag
274877914241|6078|hasTag
274877914241|6957|hasTag
274877914241|7538|hasTag
274877914241|7594|hasTag
274877914249|4938|hasTag
274877914249|6612|hasTag
274877914249|6957|hasTag
274877914249|7594|hasTag
274877914249|9333|hasTag
274877914251|5954|hasTag
274877914251|6078|hasTag
274877914251|9320|hasTag
274877914251|13370|hasTag
274877914254|1420|hasTag
274877914254|2017|hasTag
274877914254|7538|hasTag
274877914254|11346|hasTag
274877914258|6433|hasTag
274877914258|12011|hasTag
274877914258|12157|hasTag
274877914258|13273|hasTag
274877914259|1420|hasTag
274877914259|2944|hasTag
274877914259|2947|hasTag
274877914259|2963|hasTag
274877914259|7000|hasTag
274877914259|7559|hasTag
274877914260|1170|hasTag
274877914260|2944|hasTag
274877914260|6411|hasTag
274877914260|7509|hasTag
274877914260|13273|hasTag
274877914260|13811|hasTag
274877914262|1170|hasTag
274877914262|1171|hasTag
274877914262|2934|hasTag
274877914262|5151|hasTag
274877914262|13273|hasTag
274877914262|13811|hasTag
274877914263|1171|hasTag
274877914263|2934|hasTag
274877914263|5151|hasTag
274877914263|7010|hasTag
274877914263|9190|hasTag
274877914263|9292|hasTag
274877914263|13811|hasTag
274877914270|9233|hasTag
274877914270|11537|hasTag
274877914270|12157|hasTag
274877914270|13273|hasTag
274877914273|3111|hasTag
274877914273|7509|hasTag
274877914273|9262|hasTag
274877914275|1930|hasTag
274877914275|5296|hasTag
274877914275|7509|hasTag
274877914277|1930|hasTag
274877914277|3110|hasTag
274877914277|13776|hasTag
274877914286|1420|hasTag
274877914286|5620|hasTag
274877914286|6691|hasTag
274877914286|9548|hasTag
274877914286|10337|hasTag
274877914301|578|hasTag
274877914301|1420|hasTag
274877914301|7562|hasTag
274877914301|7927|hasTag
274877914302|1420|hasTag
274877914302|12097|hasTag
274877914302|12172|hasTag
274877914303|5661|hasTag
274877914303|6215|hasTag
274877914303|12172|hasTag
274877914306|1670|hasTag
274877914306|6001|hasTag
274877914306|6404|hasTag
274877914306|7847|hasTag
274877914306|9170|hasTag
274877914393|13068|hasTag
274877914394|1938|hasTag
274877914394|7345|hasTag
274877914399|1938|hasTag
274877914399|2010|hasTag
343597391202|1938|hasTag
343597391202|11875|hasTag
343597391209|1938|hasTag
343597391209|10647|hasTag
343597391211|7546|hasTag
343597391212|1938|hasTag
343597391212|8864|hasTag
343597391213|294|hasTag
343597391213|1938|hasTag
274877914688|1409|hasTag
274877914688|8845|hasTag
274877914688|9158|hasTag
274877914690|2005|hasTag
274877914690|5097|hasTag
274877914690|8845|hasTag
274877914690|9158|hasTag
274877914693|579|hasTag
274877914693|2005|hasTag
274877914693|2855|hasTag
274877914693|5097|hasTag
274877914693|9158|hasTag
274877914695|8845|hasTag
274877914695|11747|hasTag
274877914695|12036|hasTag
274877914700|417|hasTag
274877914700|1409|hasTag
274877914700|5170|hasTag
274877914700|9158|hasTag
274877914705|797|hasTag
274877914705|2005|hasTag
274877914705|6409|hasTag
274877914705|9158|hasTag
274877914708|3076|hasTag
274877914708|6906|hasTag
274877914708|7558|hasTag
274877914708|9176|hasTag
274877914708|9188|hasTag
274877914708|11552|hasTag
274877914709|2926|hasTag
274877914709|6940|hasTag
274877914709|9069|hasTag
274877914709|11552|hasTag
274877914715|2057|hasTag
274877914715|9062|hasTag
274877914715|9188|hasTag
274877914715|11552|hasTag
274877914715|14911|hasTag
274877914716|2816|hasTag
274877914716|5875|hasTag
274877914716|7558|hasTag
274877914716|11552|hasTag
274877914716|11654|hasTag
274877914717|5142|hasTag
274877914717|9213|hasTag
274877914717|11552|hasTag
274877914720|1409|hasTag
274877914720|4886|hasTag
274877914720|7034|hasTag
274877914720|7741|hasTag
274877914720|7919|hasTag
274877914720|9046|hasTag
274877914720|9176|hasTag
274877914720|11552|hasTag
274877914721|2894|hasTag
274877914721|3106|hasTag
274877914721|9062|hasTag
274877914721|11757|hasTag
274877914726|1409|hasTag
274877914726|2823|hasTag
274877914726|2998|hasTag
274877914726|6368|hasTag
274877914726|7146|hasTag
274877914726|10111|hasTag
274877914726|11642|hasTag
274877914726|13260|hasTag
274877914727|416|hasTag
274877914727|1409|hasTag
274877914727|2823|hasTag
274877914727|2998|hasTag
274877914727|3069|hasTag
274877914727|5145|hasTag
274877914727|6371|hasTag
274877914727|9109|hasTag
274877914731|1677|hasTag
274877914731|1766|hasTag
274877914731|2998|hasTag
274877914731|5105|hasTag
274877914731|6371|hasTag
274877914731|7386|hasTag
274877914731|10377|hasTag
274877914733|1409|hasTag
274877914733|1952|hasTag
274877914733|2822|hasTag
274877914733|2998|hasTag
274877914733|6368|hasTag
274877914733|7556|hasTag
274877914733|9185|hasTag
274877914733|13260|hasTag
274877914734|1677|hasTag
274877914734|2036|hasTag
274877914734|2925|hasTag
274877914734|5105|hasTag
274877914734|5421|hasTag
274877914734|6963|hasTag
274877914734|7386|hasTag
274877914742|416|hasTag
274877914742|1409|hasTag
274877914742|2012|hasTag
274877914742|2119|hasTag
274877914742|2951|hasTag
274877914742|8543|hasTag
274877914742|9078|hasTag
274877914742|9299|hasTag
274877914742|9304|hasTag
274877914743|1409|hasTag
274877914743|2119|hasTag
274877914743|2951|hasTag
274877914743|9299|hasTag
274877914743|9304|hasTag
274877914743|12529|hasTag
274877914743|13305|hasTag
274877914743|14922|hasTag
274877914743|15377|hasTag
137438961394|1502|hasTag
137438961394|9177|hasTag
137438961397|1182|hasTag
137438961397|1502|hasTag
137438961402|142|hasTag
137438961402|1676|hasTag
137438961402|2781|hasTag
137438961402|2989|hasTag
137438961402|4854|hasTag
137438961402|5126|hasTag
137438961402|7003|hasTag
137438961402|7572|hasTag
137438961402|7620|hasTag
137438961402|9286|hasTag
137438961402|10153|hasTag
137438961407|2884|hasTag
137438961407|4854|hasTag
137438961407|6206|hasTag
137438961407|7004|hasTag
137438961407|7620|hasTag
137438961407|9341|hasTag
137438961407|10153|hasTag
137438961407|13030|hasTag
137438961407|15617|hasTag
137438961412|778|hasTag
137438961412|4854|hasTag
137438961412|5101|hasTag
137438961412|5109|hasTag
137438961412|7004|hasTag
137438961412|8985|hasTag
137438961412|9853|hasTag
137438961412|10153|hasTag
137438961412|15617|hasTag
206158438335|3103|hasTag
206158438335|11497|hasTag
206158438335|12660|hasTag
206158438335|15661|hasTag
206158438337|595|hasTag
206158438337|1171|hasTag
206158438337|2813|hasTag
206158438337|2826|hasTag
206158438337|5069|hasTag
206158438337|5120|hasTag
206158438337|11376|hasTag
206158438337|15661|hasTag
206158438338|595|hasTag
206158438338|2826|hasTag
206158438338|9204|hasTag
206158438338|9318|hasTag
206158438338|11731|hasTag
206158438341|595|hasTag
206158438341|2008|hasTag
206158438341|2891|hasTag
206158438341|9329|hasTag
206158438341|11731|hasTag
206158438346|2008|hasTag
206158438346|2837|hasTag
206158438346|9185|hasTag
206158438346|9249|hasTag
206158438346|11731|hasTag
206158438347|595|hasTag
206158438347|2787|hasTag
206158438347|2813|hasTag
206158438347|2826|hasTag
206158438347|3065|hasTag
206158438347|7396|hasTag
206158438347|11459|hasTag
206158438349|1171|hasTag
206158438349|2784|hasTag
206158438349|5069|hasTag
206158438349|9423|hasTag
206158438349|11322|hasTag
206158438349|12912|hasTag
137438961616|2852|hasTag
137438961618|2852|hasTag
137438961618|7498|hasTag
137438961621|2862|hasTag
137438961621|7498|hasTag
137438961624|2852|hasTag
137438961624|10814|hasTag
137438961626|277|hasTag
137438961626|2096|hasTag
137438961626|14221|hasTag
137438961628|2862|hasTag
137438961628|5079|hasTag
206158438366|595|hasTag
206158438366|5113|hasTag
206158438366|5126|hasTag
206158438366|7524|hasTag
206158438367|1532|hasTag
206158438367|5113|hasTag
206158438367|7524|hasTag
206158438367|7575|hasTag
137438961637|1404|hasTag
137438961637|3035|hasTag
137438961637|8204|hasTag
137438961637|13177|hasTag
137438961640|277|hasTag
137438961640|1191|hasTag
137438961640|2814|hasTag
137438961640|9274|hasTag
137438961640|13177|hasTag
137438961641|569|hasTag
137438961641|1770|hasTag
137438961641|9132|hasTag
137438961642|1191|hasTag
137438961642|9478|hasTag
137438961642|10406|hasTag
137438961642|12126|hasTag
137438961642|13177|hasTag
343597391920|9264|hasTag
343597391923|2021|hasTag
343597391923|2856|hasTag
274877915195|2021|hasTag
274877915195|10082|hasTag
274877915196|8555|hasTag
206158438473|11351|hasTag
206158438474|2021|hasTag
206158438474|5985|hasTag
206158438476|11679|hasTag
206158438478|2036|hasTag
206158438481|12784|hasTag
274877915227|2021|hasTag
274877915227|5183|hasTag
274877915228|2853|hasTag
274877915228|5183|hasTag
274877915229|2780|hasTag
274877915229|5183|hasTag
343597391986|2021|hasTag
343597391986|2045|hasTag
343597391990|798|hasTag
206158438672|976|hasTag
206158438672|9126|hasTag
206158438676|569|hasTag
206158438678|976|hasTag
206158438678|5132|hasTag
206158438678|9126|hasTag
206158438679|561|hasTag
206158438679|569|hasTag
206158438680|6402|hasTag
137438961948|545|hasTag
137438961949|545|hasTag
137438961949|1182|hasTag
137438961952|1182|hasTag
137438961952|14940|hasTag
137438961954|6385|hasTag
137438961955|5155|hasTag
137438961956|1182|hasTag
137438961956|11656|hasTag
206158438700|976|hasTag
206158438700|2060|hasTag
206158438701|976|hasTag
206158438701|2060|hasTag
206158438701|13891|hasTag
206158438705|976|hasTag
206158438705|11656|hasTag
206158438707|1033|hasTag
274877915451|6|hasTag
274877915451|11689|hasTag
274877915455|6|hasTag
274877915455|6215|hasTag
274877915456|5086|hasTag
274877915456|6215|hasTag
274877915457|5086|hasTag
274877915457|5099|hasTag
274877915458|5086|hasTag
274877915458|6215|hasTag
274877915458|13629|hasTag
274877915461|12851|hasTag
274877915462|6|hasTag
274877915462|9058|hasTag
274877915469|6|hasTag
274877915469|9058|hasTag
274877915470|9353|hasTag
274877915473|7709|hasTag
274877915476|2917|hasTag
274877915476|9353|hasTag
274877915480|6|hasTag
274877915480|12066|hasTag
343597392219|2860|hasTag
343597392219|5193|hasTag
343597392219|5238|hasTag
343597392219|6391|hasTag
343597392219|7380|hasTag
343597392221|2068|hasTag
343597392221|6391|hasTag
343597392221|6426|hasTag
343597392221|13229|hasTag
343597392226|5065|hasTag
343597392226|5114|hasTag
343597392226|5193|hasTag
343597392226|6391|hasTag
343597392226|11311|hasTag
343597392229|778|hasTag
343597392229|5193|hasTag
343597392229|6391|hasTag
343597392229|6401|hasTag
343597392229|9256|hasTag
343597392233|2002|hasTag
343597392233|2860|hasTag
343597392233|5129|hasTag
343597392233|5238|hasTag
343597392233|6391|hasTag
343597392233|8703|hasTag
343597392234|2949|hasTag
343597392234|5065|hasTag
343597392234|5193|hasTag
343597392234|6078|hasTag
343597392234|9259|hasTag
343597392234|11311|hasTag
343597392235|565|hasTag
343597392235|5114|hasTag
343597392235|5193|hasTag
343597392235|9271|hasTag
343597392235|14687|hasTag
68719485296|1538|hasTag
68719485296|4908|hasTag
68719485297|1538|hasTag
68719485297|12041|hasTag
68719485298|1538|hasTag
68719485298|6372|hasTag
68719485300|6403|hasTag
68719485303|2841|hasTag
68719485304|5061|hasTag
68719485309|5346|hasTag
68719485329|13941|hasTag
68719485330|2976|hasTag
68719485333|782|hasTag
68719485333|2976|hasTag
68719485335|1538|hasTag
68719485335|2927|hasTag
343597392283|10246|hasTag
343597392288|9223|hasTag
343597392288|10246|hasTag
68719485350|9145|hasTag
68719485352|9428|hasTag
68719485353|9238|hasTag
68719485355|13538|hasTag
343597392308|1207|hasTag
343597392308|1530|hasTag
343597392308|2850|hasTag
343597392308|5099|hasTag
343597392308|12042|hasTag
343597392310|787|hasTag
343597392310|8039|hasTag
343597392310|11557|hasTag
343597392312|2884|hasTag
343597392312|7580|hasTag
343597392312|8039|hasTag
343597392312|11557|hasTag
343597392313|468|hasTag
343597392313|787|hasTag
343597392313|2903|hasTag
343597392313|11557|hasTag
343597392314|544|hasTag
343597392314|787|hasTag
343597392314|2870|hasTag
343597392314|8039|hasTag
343597392314|11557|hasTag
343597392315|5037|hasTag
343597392315|6068|hasTag
343597392315|6945|hasTag
343597392316|1994|hasTag
343597392316|5037|hasTag
343597392316|6945|hasTag
343597392316|8205|hasTag
343597392317|2794|hasTag
343597392317|9184|hasTag
343597392317|11557|hasTag
343597392322|2112|hasTag
343597392322|2794|hasTag
343597392322|11922|hasTag
343597392325|2945|hasTag
343597392325|5445|hasTag
343597392325|6969|hasTag
343597392325|7559|hasTag
343597392328|1530|hasTag
343597392328|5117|hasTag
343597392328|6155|hasTag
343597392328|7012|hasTag
343597392332|472|hasTag
343597392332|2945|hasTag
343597392332|2951|hasTag
343597392332|5445|hasTag
343597392332|6969|hasTag
343597392335|58|hasTag
343597392335|2945|hasTag
343597392335|5445|hasTag
343597392335|9646|hasTag
343597392335|14312|hasTag
343597392337|472|hasTag
343597392337|1029|hasTag
343597392337|2951|hasTag
343597392337|6369|hasTag
343597392337|9055|hasTag
343597392341|1530|hasTag
343597392341|5078|hasTag
343597392341|6402|hasTag
343597392341|11741|hasTag
343597392342|1530|hasTag
343597392342|2795|hasTag
343597392342|2918|hasTag
343597392342|9164|hasTag
343597392342|9244|hasTag
343597392342|11039|hasTag
343597392342|11543|hasTag
343597392343|590|hasTag
343597392343|1530|hasTag
343597392343|5078|hasTag
343597392343|6402|hasTag
343597392343|11741|hasTag
343597392343|13917|hasTag
68719485704|565|hasTag
68719485704|9334|hasTag
68719485706|565|hasTag
68719485706|2113|hasTag
68719485710|9334|hasTag
68719485710|11699|hasTag
343597392657|565|hasTag
343597392657|2818|hasTag
343597392658|565|hasTag
343597392658|2818|hasTag
343597392658|14057|hasTag
343597392659|565|hasTag
343597392659|9054|hasTag
343597392662|565|hasTag
343597392662|784|hasTag
343597392664|565|hasTag
343597392664|784|hasTag
343597392664|3056|hasTag
137438962459|808|hasTag
137438962459|1503|hasTag
137438962459|3065|hasTag
137438962459|6061|hasTag
137438962460|148|hasTag
137438962460|808|hasTag
137438962460|6429|hasTag
137438962463|808|hasTag
137438962463|1503|hasTag
137438962463|6026|hasTag
137438962463|11987|hasTag
137438962468|144|hasTag
137438962468|808|hasTag
137438962468|2876|hasTag
137438962468|6026|hasTag
137438962470|808|hasTag
137438962470|1668|hasTag
137438962470|11991|hasTag
137438962471|808|hasTag
137438962471|2876|hasTag
137438962471|6026|hasTag
137438962471|7534|hasTag
137438962471|10541|hasTag
137438962474|543|hasTag
137438962474|1940|hasTag
137438962474|8755|hasTag
137438962474|10724|hasTag
137438962474|11347|hasTag
137438962474|13580|hasTag
137438962476|281|hasTag
137438962476|543|hasTag
137438962476|7151|hasTag
137438962476|8755|hasTag
137438962476|11017|hasTag
137438962483|1503|hasTag
137438962483|2113|hasTag
137438962483|4879|hasTag
137438962483|6862|hasTag
137438962483|11685|hasTag
137438962485|1503|hasTag
137438962485|5067|hasTag
137438962485|5169|hasTag
137438962485|7589|hasTag
137438962485|9282|hasTag
137438962485|11506|hasTag
137438962485|11533|hasTag
137438962485|11685|hasTag
137438962493|2023|hasTag
137438962493|5067|hasTag
137438962493|6285|hasTag
137438962493|6953|hasTag
137438962493|7206|hasTag
137438962493|7589|hasTag
137438962493|11685|hasTag
137438962494|2789|hasTag
137438962494|5067|hasTag
137438962494|5114|hasTag
137438962494|10336|hasTag
137438962494|11685|hasTag
137438962494|12904|hasTag
137438962495|2025|hasTag
137438962495|2113|hasTag
137438962495|4879|hasTag
137438962495|8224|hasTag
137438962495|9188|hasTag
137438962495|11685|hasTag
343597392746|10230|hasTag
343597392748|3066|hasTag
343597392748|10230|hasTag
343597392812|7520|hasTag
343597392841|5114|hasTag
343597392841|10449|hasTag
343597392843|14790|hasTag
343597392844|6413|hasTag
343597392844|10449|hasTag
274877916141|10449|hasTag
274877916141|15709|hasTag
343597392878|2051|hasTag
343597392878|10449|hasTag
343597392878|15709|hasTag
274877916143|3002|hasTag
274877916147|5071|hasTag
274877916190|2823|hasTag
274877916199|2092|hasTag
274877916199|10449|hasTag
343597392954|9243|hasTag
343597392955|1172|hasTag
343597392959|2119|hasTag
343597393005|10449|hasTag
343597393005|11583|hasTag
343597393006|10449|hasTag
343597393006|13037|hasTag
343597393007|10449|hasTag
343597393007|13037|hasTag
343597393007|15853|hasTag
343597393008|6949|hasTag
343597393014|9178|hasTag
343597393014|10449|hasTag
343597393014|13037|hasTag
343597393016|11280|hasTag
343597393017|1987|hasTag
343597393017|2919|hasTag
343597393017|10449|hasTag
343597393018|7556|hasTag
343597393094|10449|hasTag
343597393094|10453|hasTag
343597393096|10449|hasTag
343597393096|11986|hasTag
206158439639|2025|hasTag
206158439642|2025|hasTag
206158439642|5311|hasTag
206158439645|6951|hasTag
206158439646|7689|hasTag
206158439646|10449|hasTag
343597393161|2794|hasTag
343597393162|2087|hasTag
343597393163|2066|hasTag
343597393164|9051|hasTag
343597393165|2794|hasTag
343597393165|12246|hasTag
343597393166|9051|hasTag
343597393166|9479|hasTag
343597393168|5153|hasTag
343597393169|7357|hasTag
343597393169|9051|hasTag
343597393170|6963|hasTag
274877916448|10449|hasTag
274877916448|14672|hasTag
274877916451|298|hasTag
274877916451|10449|hasTag
274877916451|14672|hasTag
274877916452|7018|hasTag
274877916461|7049|hasTag
343597393214|11333|hasTag
343597393216|11333|hasTag
343597393216|11712|hasTag
343597393217|5171|hasTag
343597393217|11712|hasTag
274877916486|10226|hasTag
274877916490|1518|hasTag
274877916490|15036|hasTag
274877916491|2842|hasTag
274877916491|10226|hasTag
274877916496|2077|hasTag
274877916496|15036|hasTag
206158439768|777|hasTag
206158439768|1418|hasTag
206158439768|11144|hasTag
206158439768|12021|hasTag
274877916580|2780|hasTag
206158439852|2954|hasTag
137438963501|2834|hasTag
137438963502|7538|hasTag
137438963503|2797|hasTag
137438963503|6393|hasTag
137438963506|2120|hasTag
137438963506|2797|hasTag
137438963516|571|hasTag
137438963516|2848|hasTag
137438963516|10294|hasTag
137438963518|294|hasTag
137438963518|2797|hasTag
137438963518|2851|hasTag
137438963518|11752|hasTag
137438963521|2935|hasTag
137438963521|13389|hasTag
68719486789|294|hasTag
68719486789|3029|hasTag
68719486790|7007|hasTag
68719486798|294|hasTag
68719486798|7602|hasTag
137438963537|540|hasTag
137438963537|2122|hasTag
137438963537|2893|hasTag
137438963537|2969|hasTag
137438963537|10048|hasTag
137438963537|11261|hasTag
137438963537|12775|hasTag
343597393750|1530|hasTag
343597393750|5800|hasTag
343597393750|12078|hasTag
343597393751|2915|hasTag
343597393751|3007|hasTag
343597393751|12078|hasTag
343597393754|2948|hasTag
343597393754|5142|hasTag
343597393755|3111|hasTag
343597393755|5059|hasTag
343597393755|6940|hasTag
343597393755|11269|hasTag
343597393761|2915|hasTag
343597393761|7543|hasTag
343597393761|11352|hasTag
343597393761|12078|hasTag
137438963744|2114|hasTag
137438963744|2855|hasTag
137438963744|5077|hasTag
137438963744|7106|hasTag
137438963745|1197|hasTag
137438963745|2114|hasTag
137438963745|2804|hasTag
137438963745|5077|hasTag
137438963746|1174|hasTag
137438963746|1614|hasTag
137438963746|2062|hasTag
137438963746|7566|hasTag
137438963746|11410|hasTag
137438963748|1174|hasTag
137438963748|5190|hasTag
137438963748|5944|hasTag
137438963748|10108|hasTag
137438963749|575|hasTag
137438963749|4854|hasTag
137438963749|5194|hasTag
137438963749|6414|hasTag
137438963750|2855|hasTag
137438963750|5077|hasTag
137438963750|7106|hasTag
137438963750|9209|hasTag
137438963750|11597|hasTag
137438963753|4854|hasTag
137438963753|7018|hasTag
137438963753|9329|hasTag
137438963753|11531|hasTag
137438963754|10501|hasTag
137438963754|11270|hasTag
137438963755|9265|hasTag
137438963755|10501|hasTag
137438963756|2071|hasTag
137438963756|10501|hasTag
137438963757|4854|hasTag
137438963757|5318|hasTag
137438963757|7018|hasTag
137438963757|9032|hasTag
137438963759|3047|hasTag
137438963759|4854|hasTag
137438963759|7018|hasTag
137438963759|12472|hasTag
206158440658|0|hasTag
206158440658|2918|hasTag
206158440658|9072|hasTag
206158440658|11875|hasTag
206158440663|0|hasTag
206158440663|3026|hasTag
206158440663|5097|hasTag
206158440663|11875|hasTag
206158440665|0|hasTag
206158440665|143|hasTag
206158440665|3026|hasTag
206158440665|9950|hasTag
206158440665|11875|hasTag
206158440668|0|hasTag
206158440668|6981|hasTag
206158440668|12301|hasTag
206158440670|2918|hasTag
206158440670|5056|hasTag
206158440670|6549|hasTag
206158440671|2873|hasTag
206158440671|2918|hasTag
206158440671|3003|hasTag
206158440671|5056|hasTag
206158440672|780|hasTag
206158440672|2934|hasTag
206158440672|11717|hasTag
206158440672|11875|hasTag
206158440673|0|hasTag
206158440673|2000|hasTag
206158440673|2825|hasTag
343597394147|3095|hasTag
68719487226|0|hasTag
68719487226|1197|hasTag
68719487229|2893|hasTag
68719487230|0|hasTag
68719487230|11933|hasTag
68719487232|2893|hasTag
68719487232|8244|hasTag
68719487269|0|hasTag
68719487269|774|hasTag
274877917482|795|hasTag
274877917482|1547|hasTag
274877917482|2778|hasTag
274877917482|9206|hasTag
274877917486|576|hasTag
274877917486|795|hasTag
274877917486|1547|hasTag
274877917486|5902|hasTag
274877917486|9206|hasTag
68719487282|1169|hasTag
68719487282|1172|hasTag
68719487282|2092|hasTag
68719487282|6007|hasTag
68719487282|6971|hasTag
68719487282|7010|hasTag
68719487282|9230|hasTag
68719487282|13361|hasTag
68719487283|793|hasTag
68719487283|1169|hasTag
68719487283|2030|hasTag
68719487283|2092|hasTag
68719487283|2847|hasTag
68719487283|5106|hasTag
68719487283|5972|hasTag
68719487283|6971|hasTag
68719487283|7010|hasTag
68719487284|782|hasTag
68719487284|1172|hasTag
68719487284|2092|hasTag
68719487284|3063|hasTag
68719487284|6007|hasTag
68719487284|6946|hasTag
68719487284|6971|hasTag
68719487284|6991|hasTag
68719487284|7010|hasTag
68719487284|9230|hasTag
68719487285|793|hasTag
68719487285|804|hasTag
68719487285|1200|hasTag
68719487285|2847|hasTag
68719487285|5084|hasTag
68719487285|5972|hasTag
68719487285|7010|hasTag
68719487285|7573|hasTag
68719487285|9738|hasTag
68719487288|1169|hasTag
68719487288|2092|hasTag
68719487288|2122|hasTag
68719487288|2810|hasTag
68719487288|2847|hasTag
68719487288|3089|hasTag
68719487288|5972|hasTag
68719487288|6971|hasTag
68719487288|9225|hasTag
68719487288|11250|hasTag
68719487289|1172|hasTag
68719487289|2869|hasTag
68719487289|6971|hasTag
68719487289|7014|hasTag
68719487289|7596|hasTag
68719487289|9162|hasTag
68719487289|14335|hasTag
68719487291|568|hasTag
68719487291|793|hasTag
68719487291|804|hasTag
68719487291|1200|hasTag
68719487291|5067|hasTag
68719487291|5084|hasTag
68719487291|5150|hasTag
68719487291|5753|hasTag
68719487291|6938|hasTag
68719487291|7010|hasTag
68719487291|9738|hasTag
68719487294|280|hasTag
68719487294|1192|hasTag
68719487294|2037|hasTag
68719487294|2055|hasTag
68719487294|9145|hasTag
68719487295|1169|hasTag
68719487295|1172|hasTag
68719487295|1548|hasTag
68719487295|2824|hasTag
68719487295|5141|hasTag
68719487295|6007|hasTag
68719487295|7010|hasTag
68719487295|9192|hasTag
68719487295|9230|hasTag
68719487295|13361|hasTag
68719487298|593|hasTag
68719487298|2092|hasTag
68719487298|2783|hasTag
68719487298|6947|hasTag
68719487298|6971|hasTag
68719487298|11639|hasTag
68719487298|13903|hasTag
68719487302|596|hasTag
68719487302|2055|hasTag
68719487302|2793|hasTag
68719487302|9100|hasTag
68719487302|9159|hasTag
68719487302|9261|hasTag
68719487302|11630|hasTag
68719487302|11695|hasTag
68719487308|3009|hasTag
68719487308|3064|hasTag
68719487308|7516|hasTag
68719487308|9068|hasTag
68719487308|9202|hasTag
68719487314|573|hasTag
68719487314|1169|hasTag
68719487314|1203|hasTag
68719487314|5093|hasTag
68719487314|6425|hasTag
68719487314|6458|hasTag
68719487314|15422|hasTag
68719487322|5100|hasTag
68719487322|6458|hasTag
68719487322|7010|hasTag
68719487322|11358|hasTag
68719487322|11644|hasTag
68719487323|573|hasTag
68719487323|1169|hasTag
68719487323|5418|hasTag
68719487323|6458|hasTag
68719487323|8115|hasTag
68719487323|9074|hasTag
68719487323|13010|hasTag
68719487324|2805|hasTag
68719487324|5100|hasTag
68719487324|5417|hasTag
68719487324|6959|hasTag
68719487324|7010|hasTag
68719487324|11644|hasTag
68719487328|573|hasTag
68719487328|1169|hasTag
68719487328|1941|hasTag
68719487328|2789|hasTag
68719487328|2859|hasTag
68719487328|5418|hasTag
68719487328|6458|hasTag
68719487328|9074|hasTag
68719487328|11757|hasTag
68719487328|13010|hasTag
68719487331|1169|hasTag
68719487331|2059|hasTag
68719487331|6981|hasTag
68719487331|9768|hasTag
68719487331|10526|hasTag
68719487334|1169|hasTag
68719487334|2992|hasTag
68719487334|5068|hasTag
68719487335|2035|hasTag
68719487335|2059|hasTag
68719487335|11935|hasTag
68719487337|1169|hasTag
68719487337|1673|hasTag
68719487337|2059|hasTag
68719487337|10392|hasTag
68719487337|12330|hasTag
68719487339|1169|hasTag
68719487339|2059|hasTag
68719487339|3012|hasTag
68719487339|7543|hasTag
68719487339|9768|hasTag
68719487339|10526|hasTag
68719487339|13406|hasTag
68719487341|594|hasTag
68719487341|1169|hasTag
68719487341|1673|hasTag
68719487341|2052|hasTag
68719487341|9855|hasTag
68719487341|10392|hasTag
68719487341|12330|hasTag
68719487343|594|hasTag
68719487343|2053|hasTag
68719487343|3092|hasTag
68719487343|6860|hasTag
68719487343|7672|hasTag
68719487343|9855|hasTag
68719487346|1169|hasTag
68719487346|2059|hasTag
68719487346|2788|hasTag
68719487346|5079|hasTag
68719487346|10392|hasTag
68719487346|13246|hasTag
68719487348|573|hasTag
68719487348|2093|hasTag
68719487348|2882|hasTag
68719487348|6991|hasTag
68719487348|11727|hasTag
68719487349|1169|hasTag
68719487349|2062|hasTag
68719487349|2119|hasTag
68719487349|3033|hasTag
68719487349|6991|hasTag
68719487352|573|hasTag
68719487352|809|hasTag
68719487352|2093|hasTag
68719487352|2882|hasTag
68719487352|6947|hasTag
68719487352|7603|hasTag
68719487353|598|hasTag
68719487353|2062|hasTag
68719487353|3033|hasTag
68719487353|5141|hasTag
68719487353|11258|hasTag
68719487355|1169|hasTag
68719487355|2026|hasTag
68719487355|2093|hasTag
68719487355|6991|hasTag
68719487355|7015|hasTag
68719487355|12346|hasTag
68719487360|1169|hasTag
68719487360|11713|hasTag
68719487360|11752|hasTag
68719487361|1169|hasTag
68719487361|7580|hasTag
68719487364|1169|hasTag
68719487364|8877|hasTag
68719487365|1022|hasTag
68719487365|1169|hasTag
68719487365|6409|hasTag
68719487365|11713|hasTag
68719487365|11752|hasTag
274877917706|245|hasTag
274877917706|3080|hasTag
274877917706|6642|hasTag
274877917706|14751|hasTag
274877917708|798|hasTag
274877917708|9280|hasTag
274877917708|14751|hasTag
274877917709|245|hasTag
274877917709|2936|hasTag
274877917709|3068|hasTag
274877917717|796|hasTag
274877917717|2790|hasTag
274877917717|6743|hasTag
274877917717|9292|hasTag
274877917718|11293|hasTag
274877917718|11532|hasTag
274877917720|2790|hasTag
274877917720|6743|hasTag
274877917720|11251|hasTag
274877917720|11546|hasTag
274877917722|796|hasTag
274877917722|6743|hasTag
274877917722|8067|hasTag
274877917722|8510|hasTag
274877917722|9292|hasTag
274877917724|1153|hasTag
274877917724|2905|hasTag
274877917724|6117|hasTag
274877917724|6951|hasTag
274877917724|9503|hasTag
274877917727|1153|hasTag
274877917727|2825|hasTag
274877917727|2842|hasTag
274877917727|8020|hasTag
274877917727|8075|hasTag
274877917729|1153|hasTag
274877917729|2905|hasTag
274877917729|6951|hasTag
274877917729|6986|hasTag
274877917729|9348|hasTag
274877917729|9503|hasTag
274877917729|11688|hasTag
343597394471|2971|hasTag
343597394474|2917|hasTag
343597394478|793|hasTag
343597394484|3002|hasTag
343597394499|9278|hasTag
343597394500|2845|hasTag
274877917860|4881|hasTag
274877917861|1418|hasTag
274877917861|11346|hasTag
274877917862|4881|hasTag
274877917862|5068|hasTag
274877917865|12175|hasTag
274877917870|1615|hasTag
274877917959|1761|hasTag
274877917959|5814|hasTag
274877917959|6942|hasTag
274877917959|7164|hasTag
274877917959|10891|hasTag
274877917959|12592|hasTag
137438964567|6116|hasTag
137438964567|9100|hasTag
137438964567|12120|hasTag
137438964567|12232|hasTag
137438964569|6116|hasTag
137438964569|9100|hasTag
137438964569|11333|hasTag
137438964569|11404|hasTag
137438964574|2080|hasTag
137438964574|2894|hasTag
137438964574|4888|hasTag
137438964574|5356|hasTag
137438964574|5418|hasTag
137438964574|9486|hasTag
137438964574|11623|hasTag
137438964574|12416|hasTag
137438964580|2080|hasTag
137438964580|4888|hasTag
137438964580|5535|hasTag
137438964580|8530|hasTag
137438964580|9144|hasTag
137438964580|9486|hasTag
137438964580|13778|hasTag
137438964583|1030|hasTag
137438964583|2052|hasTag
137438964583|2077|hasTag
137438964583|2900|hasTag
137438964583|5067|hasTag
137438964583|9052|hasTag
137438964583|13978|hasTag
